,Game ID,Week,Date,Time (EST),Time (GMT),Excel (human readable time/date),Unix Time,Lat,Lng,Location,Home Team,Away Team,Home Team Won?,Home Score,Away Score,Total Points,Summary,Wind Speed,Wind Gust,Temperature
0,45944,1,9/6/2018,8:20 PM,1:20 AM,9/6/2018 20:20,1536265200,39.900833,-75.1675,Lincoln Financial Field,PHI,ATL,Yes,18,12,30,Partly Cloudy,5.24,8.5,92.84
1,45945,1,9/9/2018,1:00 PM,6:00 PM,9/9/2018 13:00,1536498000,39.278056,-76.622778,M&T Bank Stadium,BAL,BUF,Yes,47,3,50,Rain,10.31,19.46,59.46
2,45947,1,9/9/2018,1:00 PM,6:00 PM,9/9/2018 13:00,1536498000,42.090944,-71.264344,Gillette Stadium,NE,HOU,Yes,27,20,47,Clear,5.99,7.01,57.08
3,45948,1,9/9/2018,1:00 PM,6:00 PM,9/9/2018 13:00,1536498000,40.813528000000005,-74.074361,MetLife Stadium,NYG,JAX,No,15,20,35,Drizzle,5.96,6.31,56.87
4,45949,1,9/9/2018,1:00 PM,6:00 PM,9/9/2018 13:00,1536498000,41.506111,-81.699444,FirstEnergy Stadium,CLE,PIT,No,21,21,42,Rain,5.36,9.49,56.1
5,45952,1,9/9/2018,1:00 PM,6:00 PM,9/9/2018 13:00,1536498000,25.958056,-80.238889,Hard Rock Stadium,MIA,TEN,Yes,27,20,47,Humid,3.69,3.87,80.86
6,45954,1,9/9/2018,4:25 PM,9:25 PM,9/9/2018 16:25,1536510300,35.225833,-80.852778,Bank of America Stadium,CAR,DAL,Yes,16,8,24,Mostly Cloudy,4.04,4.99,81.91
7,45957,1,9/9/2018,8:20 PM,1:20 AM,9/9/2018 20:20,1536524400,44.501389,-88.06222199999999,Lambeau Field,GB,CHI,Yes,24,23,47,Clear,7.77,8.08,65.68
8,45959,1,9/10/2018,10:20 PM,3:20 AM,9/10/2018 22:20,1536618000,37.751667,-122.200556,Oakland-Alameda County Coliseum,OAK,LA,No,13,33,46,Clear,6.28,9.94,80.32
9,45960,2,9/13/2018,8:20 PM,1:20 AM,9/13/2018 20:20,1536870000,39.095,-84.516,Paul Brown Stadium,CIN,BAL,Yes,34,23,57,Clear,1.5,2.98,85.86
10,45963,2,9/16/2018,1:00 PM,6:00 PM,9/16/2018 13:00,1537102800,36.166389,-86.771389,Nissan Stadium,TEN,HOU,Yes,20,17,37,Clear,4.68,5.34,74.61
11,45965,2,9/16/2018,1:00 PM,6:00 PM,9/16/2018 13:00,1537102800,40.446667,-80.015833,Heinz Field,PIT,KC,No,37,42,79,Clear,6.04,6.04,71.06
12,45966,2,9/16/2018,1:00 PM,6:00 PM,9/16/2018 13:00,1537102800,42.773999999999994,-78.78699999999999,New Era Field,BUF,LAC,No,20,31,51,Clear,2.73,2.86,70.16
13,45967,2,9/16/2018,1:00 PM,6:00 PM,9/16/2018 13:00,1537102800,40.813528000000005,-74.074361,MetLife Stadium,NYJ,MIA,No,12,20,32,Clear,0.17,0.47,70.8
14,45968,2,9/16/2018,1:00 PM,6:00 PM,9/16/2018 13:00,1537102800,44.501389,-88.06222199999999,Lambeau Field,GB,MIN,No,29,29,58,Clear,0,0.25,63.32
15,45969,2,9/16/2018,1:00 PM,6:00 PM,9/16/2018 13:00,1537102800,27.975833,-82.503333,Raymond James Stadium,TB,PHI,Yes,27,21,48,Humid and Partly Cloudy,4.89,5.03,83.97
16,45970,2,9/16/2018,4:05 PM,9:05 PM,9/16/2018 16:05,1537113900,34.014167,-118.287778,Los Angeles Memorial Coliseum,LA,ARI,Yes,34,0,34,Clear,1.63,4.48,73.89
17,45971,2,9/16/2018,4:05 PM,9:05 PM,9/16/2018 16:05,1537113900,37.403,-121.97,Levi's Stadium,SF,DET,Yes,30,27,57,Clear,0.6,7.21,60.82
18,45975,2,9/17/2018,8:15 PM,1:15 AM,9/17/2018 20:15,1537215300,41.8623,-87.6167,Soldier Field,CHI,SEA,Yes,24,17,41,Partly Cloudy,1.68,4.62,87.7
19,45976,3,9/20/2018,8:20 PM,1:20 AM,9/20/2018 20:20,1537474800,41.506111,-81.699444,FirstEnergy Stadium,CLE,NYJ,Yes,21,17,38,Drizzle,2.6,4.2,83.54
20,45978,3,9/23/2018,1:00 PM,6:00 PM,9/23/2018 13:00,1537707600,35.225833,-80.852778,Bank of America Stadium,CAR,CIN,Yes,31,21,52,Partly Cloudy,0.88,1.57,72.62
21,45979,3,9/23/2018,1:00 PM,6:00 PM,9/23/2018 13:00,1537707600,39.278056,-76.622778,M&T Bank Stadium,BAL,DEN,Yes,27,14,41,Drizzle,3.01,4.09,60.22
22,45981,3,9/23/2018,1:00 PM,6:00 PM,9/23/2018 13:00,1537707600,39.900833,-75.1675,Lincoln Financial Field,PHI,IND,Yes,20,16,36,Drizzle,3.78,3.92,59.42
23,45984,3,9/23/2018,1:00 PM,6:00 PM,9/23/2018 13:00,1537707600,25.958056,-80.238889,Hard Rock Stadium,MIA,OAK,Yes,28,20,48,Humid,1.54,1.68,84.35
24,45985,3,9/23/2018,1:00 PM,6:00 PM,9/23/2018 13:00,1537707600,39.048889,-94.483889,Arrowhead Stadium,KC,SF,Yes,38,27,65,Clear,1.25,1.36,54.53
25,45987,3,9/23/2018,4:05 PM,9:05 PM,9/23/2018 16:05,1537718700,34.014167,-118.287778,Los Angeles Memorial Coliseum,LA,LAC,Yes,35,23,58,Partly Cloudy,1.69,5.57,71.53
26,45989,3,9/23/2018,4:25 PM,9:25 PM,9/23/2018 16:25,1537719900,47.5952,-122.3316,CenturyLink Field,SEA,DAL,Yes,24,13,37,Mostly Cloudy,4.3,4.78,55.3
27,45991,3,9/24/2018,8:15 PM,1:15 AM,9/24/2018 20:15,1537820100,27.975833,-82.503333,Raymond James Stadium,TB,PIT,No,27,30,57,Partly Cloudy,2.36,5.1,90.42
28,45992,4,9/27/2018,8:20 PM,1:20 AM,9/27/2018 20:20,1538079600,34.014167,-118.287778,Los Angeles Memorial Coliseum,LA,MIN,Yes,38,31,69,Clear,4.09,9.56,85.08
29,45993,4,9/30/2018,1:00 PM,6:00 PM,9/30/2018 13:00,1538312400,44.501389,-88.06222199999999,Lambeau Field,GB,BUF,Yes,22,0,22,Overcast,2.6,4.41,44.9
30,45997,4,9/30/2018,1:00 PM,6:00 PM,9/30/2018 13:00,1538312400,42.090944,-71.264344,Gillette Stadium,NE,MIA,Yes,38,7,45,Clear,1.92,4.78,55.65
31,45999,4,9/30/2018,1:00 PM,6:00 PM,9/30/2018 13:00,1538312400,36.166389,-86.771389,Nissan Stadium,TEN,PHI,Yes,26,23,49,Clear,0,0,61.15
32,46000,4,9/30/2018,1:00 PM,6:00 PM,9/30/2018 13:00,1538312400,41.8623,-87.6167,Soldier Field,CHI,TB,Yes,48,10,58,Overcast,4.15,4.6,55.63
33,46001,4,9/30/2018,4:05 PM,9:05 PM,9/30/2018 16:05,1538323500,37.751667,-122.200556,Oakland-Alameda County Coliseum,OAK,CLE,Yes,45,42,87,Clear,2.12,4.33,63.04
34,46003,4,9/30/2018,4:25 PM,9:25 PM,9/30/2018 16:25,1538324700,40.813528000000005,-74.074361,MetLife Stadium,NYG,NO,No,18,33,51,Clear,0.59,2.7,67.03
35,46005,4,9/30/2018,8:20 PM,1:20 AM,9/30/2018 20:20,1538338800,40.446667,-80.015833,Heinz Field,PIT,BAL,No,14,26,40,Partly Cloudy,6.01,6.11,75.81
36,46007,5,10/4/2018,8:20 PM,1:20 AM,10/4/2018 20:20,1538684400,42.090944,-71.264344,Gillette Stadium,NE,IND,Yes,38,24,62,Overcast,6.24,7.73,68.72
37,46008,5,10/7/2018,1:00 PM,6:00 PM,10/7/2018 13:00,1538917200,40.446667,-80.015833,Heinz Field,PIT,ATL,Yes,41,17,58,Clear,0,0,69.26
38,46009,5,10/7/2018,1:00 PM,6:00 PM,10/7/2018 13:00,1538917200,41.506111,-81.699444,FirstEnergy Stadium,CLE,BAL,Yes,12,9,21,Foggy,1.45,2.11,66.37
39,46010,5,10/7/2018,1:00 PM,6:00 PM,10/7/2018 13:00,1538917200,40.813528000000005,-74.074361,MetLife Stadium,NYJ,DEN,Yes,34,16,50,Overcast,3.83,4.11,69.86
40,46012,5,10/7/2018,1:00 PM,6:00 PM,10/7/2018 13:00,1538917200,39.048889,-94.483889,Arrowhead Stadium,KC,JAX,Yes,30,14,44,Light Rain,4.26,5.22,54.79
41,46013,5,10/7/2018,1:00 PM,6:00 PM,10/7/2018 13:00,1538917200,39.095,-84.516,Paul Brown Stadium,CIN,MIA,Yes,27,17,44,Mostly Cloudy,0.34,1.35,69.68
42,46014,5,10/7/2018,1:00 PM,6:00 PM,10/7/2018 13:00,1538917200,35.225833,-80.852778,Bank of America Stadium,CAR,NYG,Yes,33,31,64,Foggy,0.99,0.99,71.67
43,46015,5,10/7/2018,1:00 PM,6:00 PM,10/7/2018 13:00,1538917200,42.773999999999994,-78.78699999999999,New Era Field,BUF,TEN,Yes,13,12,25,Mostly Cloudy,5.37,5.39,60.07
44,46017,5,10/7/2018,4:25 PM,9:25 PM,10/7/2018 16:25,1538929500,37.403,-121.97,Levi's Stadium,SF,ARI,No,18,28,46,Clear,6.86,15.38,67.91
45,46018,5,10/7/2018,4:25 PM,9:25 PM,10/7/2018 16:25,1538929500,47.5952,-122.3316,CenturyLink Field,SEA,LA,No,31,33,64,Overcast,3.22,3.75,49.94
46,46019,5,10/7/2018,4:25 PM,9:25 PM,10/7/2018 16:25,1538929500,39.900833,-75.1675,Lincoln Financial Field,PHI,MIN,No,21,23,44,Overcast,4.24,6.2,75.52
47,46022,6,10/11/2018,8:20 PM,1:20 AM,10/11/2018 20:20,1539289200,40.813528000000005,-74.074361,MetLife Stadium,NYG,PHI,No,13,34,47,Rain,2.98,4.29,72.57
48,46025,6,10/14/2018,1:00 PM,6:00 PM,10/14/2018 13:00,1539522000,25.958056,-80.238889,Hard Rock Stadium,MIA,CHI,Yes,31,28,59,Humid and Partly Cloudy,1.91,2.32,82.49
49,46026,6,10/14/2018,1:00 PM,6:00 PM,10/14/2018 13:00,1539522000,40.813528000000005,-74.074361,MetLife Stadium,NYJ,IND,Yes,42,34,76,Clear,1.51,2.06,48.64
50,46027,6,10/14/2018,1:00 PM,6:00 PM,10/14/2018 13:00,1539522000,37.751667,-122.200556,Oakland-Alameda County Coliseum,OAK,SEA,No,3,27,30,Mostly Cloudy,1.32,5.96,54.25
51,46029,6,10/14/2018,1:00 PM,6:00 PM,10/14/2018 13:00,1539522000,41.506111,-81.699444,FirstEnergy Stadium,CLE,LAC,No,14,38,52,Partly Cloudy,2.36,3.29,43.19
52,46030,6,10/14/2018,1:00 PM,6:00 PM,10/14/2018 13:00,1539522000,39.095,-84.516,Paul Brown Stadium,CIN,PIT,No,21,28,49,Overcast,1.5,3.02,46.58
53,46033,6,10/14/2018,4:25 PM,9:25 PM,10/14/2018 16:25,1539534300,36.166389,-86.771389,Nissan Stadium,TEN,BAL,No,0,21,21,Drizzle,6.35,6.37,63.67
54,46035,6,10/14/2018,8:20 PM,1:20 AM,10/14/2018 20:20,1539548400,42.090944,-71.264344,Gillette Stadium,NE,KC,Yes,43,40,83,Clear,4.59,6.16,56.01
55,46036,6,10/15/2018,8:15 PM,1:15 AM,10/15/2018 20:15,1539634500,44.501389,-88.06222199999999,Lambeau Field,GB,SF,Yes,33,30,63,Overcast,14.68,24.45,38.72
56,46040,7,10/21/2018,1:00 PM,6:00 PM,10/21/2018 13:00,1540126800,39.900833,-75.1675,Lincoln Financial Field,PHI,CAR,No,17,21,38,Mostly Cloudy,8.73,15.15,46.44
57,46042,7,10/21/2018,1:00 PM,6:00 PM,10/21/2018 13:00,1540126800,27.975833,-82.503333,Raymond James Stadium,TB,CLE,Yes,26,23,49,Partly Cloudy,8.96,9.92,74.12
58,46043,7,10/21/2018,1:00 PM,6:00 PM,10/21/2018 13:00,1540126800,25.958056,-80.238889,Hard Rock Stadium,MIA,DET,No,21,32,53,Humid,6.64,7.12,79.99
59,46045,7,10/21/2018,1:00 PM,6:00 PM,10/21/2018 13:00,1540126800,40.813528000000005,-74.074361,MetLife Stadium,NYJ,MIN,No,17,37,54,Mostly Cloudy,12.52,16.95,45.76
60,46046,7,10/21/2018,1:00 PM,6:00 PM,10/21/2018 13:00,1540126800,41.8623,-87.6167,Soldier Field,CHI,NE,No,31,38,69,Clear,3.25,3.52,30.05
61,46047,7,10/21/2018,4:05 PM,9:05 PM,10/21/2018 16:05,1540137900,39.278056,-76.622778,M&T Bank Stadium,BAL,NO,No,23,24,47,Mostly Cloudy,14.08,24.63,49.18
62,46049,7,10/21/2018,4:25 PM,9:25 PM,10/21/2018 16:25,1540139100,37.403,-121.97,Levi's Stadium,SF,LA,No,10,39,49,Overcast,0.54,2.87,59.34
63,46041,7,10/21/2018,8:20 PM,1:20 AM,10/21/2018 20:20,1540153200,39.048889,-94.483889,Arrowhead Stadium,KC,CIN,Yes,45,10,55,Clear,8.24,8.74,62.02
64,46053,8,10/28/2018,1:00 PM,6:00 PM,10/28/2018 13:00,1540731600,35.225833,-80.852778,Bank of America Stadium,CAR,BAL,Yes,36,21,57,Clear,3.52,4.11,47.09
65,46054,8,10/28/2018,1:00 PM,6:00 PM,10/28/2018 13:00,1540731600,40.446667,-80.015833,Heinz Field,PIT,CLE,Yes,33,18,51,Overcast,9.86,10,42.2
66,46055,8,10/28/2018,1:00 PM,6:00 PM,10/28/2018 13:00,1540731600,39.048889,-94.483889,Arrowhead Stadium,KC,DEN,Yes,30,23,53,Clear,6.68,6.68,51.24
67,46056,8,10/28/2018,1:00 PM,6:00 PM,10/28/2018 13:00,1540731600,41.8623,-87.6167,Soldier Field,CHI,NYJ,Yes,24,10,34,Light Rain,7.93,9.26,46.74
68,46058,8,10/28/2018,1:00 PM,6:00 PM,10/28/2018 13:00,1540731600,39.095,-84.516,Paul Brown Stadium,CIN,TB,Yes,37,34,71,Mostly Cloudy,2.56,3.36,44.63
69,46059,8,10/28/2018,1:00 PM,6:00 PM,10/28/2018 13:00,1540731600,40.813528000000005,-74.074361,MetLife Stadium,NYG,WAS,No,13,20,33,Mostly Cloudy,6.99,7.67,46.68
70,46060,8,10/28/2018,4:05 PM,9:05 PM,10/28/2018 16:05,1540742700,37.751667,-122.200556,Oakland-Alameda County Coliseum,OAK,IND,No,28,42,70,Partly Cloudy,2.52,7.87,60.62
71,46061,8,10/28/2018,4:25 PM,9:25 PM,10/28/2018 16:25,1540743900,34.014167,-118.287778,Los Angeles Memorial Coliseum,LA,GB,Yes,29,27,56,Mostly Cloudy,0.36,4.64,67.15
72,46064,8,10/29/2018,8:15 PM,1:15 AM,10/29/2018 20:15,1540844100,42.773999999999994,-78.78699999999999,New Era Field,BUF,NE,No,6,25,31,,,,
73,46065,9,11/1/2018,8:20 PM,1:20 AM,11/1/2018 20:20,1541103600,37.403,-121.97,Levi's Stadium,SF,OAK,Yes,34,3,37,Partly Cloudy,3.69,11.45,79.42
74,46066,9,11/4/2018,1:00 PM,6:00 PM,11/4/2018 13:00,1541336400,42.773999999999994,-78.78699999999999,New Era Field,BUF,CHI,No,9,41,50,Partly Cloudy,2.89,3.38,35.62
75,46067,9,11/4/2018,1:00 PM,6:00 PM,11/4/2018 13:00,1541336400,39.278056,-76.622778,M&T Bank Stadium,BAL,PIT,No,16,23,39,Clear,0.33,3.52,36.93
76,46072,9,11/4/2018,1:00 PM,6:00 PM,11/4/2018 13:00,1541336400,35.225833,-80.852778,Bank of America Stadium,CAR,TB,Yes,42,28,70,Clear,4.96,5.45,44.12
77,46074,9,11/4/2018,4:05 PM,9:05 PM,11/4/2018 16:05,1541347500,47.5952,-122.3316,CenturyLink Field,SEA,LAC,No,17,25,42,Overcast,2.73,5.54,54.94
78,46076,9,11/4/2018,8:20 PM,1:20 AM,11/4/2018 20:20,1541362800,42.090944,-71.264344,Gillette Stadium,NE,GB,Yes,31,17,48,Clear,2.38,4.33,53.67
79,46079,10,11/11/2018,1:00 PM,6:00 PM,11/11/2018 13:00,1541941200,39.048889,-94.483889,Arrowhead Stadium,KC,ARI,Yes,26,14,40,Clear,1.18,2.29,28.49
80,46082,10,11/11/2018,1:00 PM,6:00 PM,11/11/2018 13:00,1541941200,36.166389,-86.771389,Nissan Stadium,TEN,NE,Yes,34,10,44,Partly Cloudy,0,0,27.02
81,46084,10,11/11/2018,1:00 PM,6:00 PM,11/11/2018 13:00,1541941200,41.506111,-81.699444,FirstEnergy Stadium,CLE,ATL,Yes,28,16,44,Mostly Cloudy,2.05,3.25,28.44
82,46085,10,11/11/2018,1:00 PM,6:00 PM,11/11/2018 13:00,1541941200,41.8623,-87.6167,Soldier Field,CHI,DET,Yes,34,22,56,Overcast,7.81,10.85,28.48
83,46087,10,11/11/2018,1:00 PM,6:00 PM,11/11/2018 13:00,1541941200,39.095,-84.516,Paul Brown Stadium,CIN,NO,No,14,51,65,Clear,0.83,2.05,23.3
84,46086,10,11/11/2018,4:25 PM,9:25 PM,11/11/2018 16:25,1541953500,44.501389,-88.06222199999999,Lambeau Field,GB,MIA,Yes,31,12,43,Overcast,8.28,8.3,29.69
85,46089,10,11/11/2018,4:25 PM,9:25 PM,11/11/2018 16:25,1541953500,34.014167,-118.287778,Los Angeles Memorial Coliseum,LA,SEA,Yes,36,31,67,Clear,2.78,10.36,58.6
86,46090,10,11/11/2018,8:20 PM,1:20 AM,11/11/2018 20:20,1541967600,39.900833,-75.1675,Lincoln Financial Field,PHI,DAL,No,20,27,47,Clear,4.11,6.5,46.13
87,46091,10,11/12/2018,8:15 PM,1:15 AM,11/12/2018 20:15,1542053700,37.403,-121.97,Levi's Stadium,SF,NYG,No,23,27,50,Clear,1.08,7.08,67.28
88,46092,11,11/15/2018,8:20 PM,1:20 AM,11/15/2018 20:20,1542313200,47.5952,-122.3316,CenturyLink Field,SEA,GB,Yes,27,24,51,Mostly Cloudy,3.56,4.7,55.08
89,46094,11,11/18/2018,1:00 PM,6:00 PM,11/18/2018 13:00,1542546000,39.278056,-76.622778,M&T Bank Stadium,BAL,CIN,Yes,24,21,45,Partly Cloudy,0.2,1.24,33.14
90,46099,11,11/18/2018,1:00 PM,6:00 PM,11/18/2018 13:00,1542546000,40.813528000000005,-74.074361,MetLife Stadium,NYG,TB,Yes,38,35,73,Mostly Cloudy,1.93,2.23,38.46
91,46097,11,11/18/2018,8:20 PM,1:20 AM,11/18/2018 20:20,1542572400,41.8623,-87.6167,Soldier Field,CHI,MIN,Yes,25,20,45,Mostly Cloudy,4.62,5.19,36.52
92,46104,11,11/19/2018,8:15 PM,1:15 AM,11/19/2018 20:15,1542658500,34.014167,-118.287778,Los Angeles Memorial Coliseum,LA,KC,Yes,54,51,105,Clear,1.55,7.41,72.09
93,46108,12,11/25/2018,1:00 PM,6:00 PM,11/25/2018 13:00,1543150800,39.095,-84.516,Paul Brown Stadium,CIN,CLE,No,20,35,55,Foggy,0.91,1.57,36.26
94,46109,12,11/25/2018,1:00 PM,6:00 PM,11/25/2018 13:00,1543150800,42.773999999999994,-78.78699999999999,New Era Field,BUF,JAX,Yes,24,21,45,Mostly Cloudy,11.11,11.11,43.58
95,46112,12,11/25/2018,1:00 PM,6:00 PM,11/25/2018 13:00,1543150800,39.900833,-75.1675,Lincoln Financial Field,PHI,NYG,Yes,25,22,47,Clear,4.51,7.48,45.88
96,46115,12,11/25/2018,1:00 PM,6:00 PM,11/25/2018 13:00,1543150800,27.975833,-82.503333,Raymond James Stadium,TB,SF,Yes,27,9,36,Partly Cloudy,0.28,1.61,66.17
97,46131,13,12/2/2018,4:05 PM,9:05 PM,12/2/2018 16:05,1543766700,37.751667,-122.200556,Oakland-Alameda County Coliseum,OAK,KC,No,33,40,73,Clear,0.78,4.74,44.03
98,46132,13,12/2/2018,4:05 PM,9:05 PM,12/2/2018 16:05,1543766700,36.166389,-86.771389,Nissan Stadium,TEN,NYJ,Yes,26,22,48,Clear,12.23,12.23,64.2
99,46135,13,12/3/2018,8:15 PM,1:15 AM,12/3/2018 20:15,1543868100,39.900833,-75.1675,Lincoln Financial Field,PHI,WAS,Yes,28,13,41,Mostly Cloudy,7.63,12.7,52.95
100,46136,14,12/6/2018,8:20 PM,1:20 AM,12/6/2018 20:20,1544127600,36.166389,-86.771389,Nissan Stadium,TEN,JAX,Yes,30,9,39,Overcast,7.57,7.87,45.81
101,46137,14,12/9/2018,1:00 PM,6:00 PM,12/9/2018 13:00,1544360400,44.501389,-88.06222199999999,Lambeau Field,GB,ATL,Yes,34,20,54,Overcast,7.47,7.57,20.49
102,46138,14,12/9/2018,1:00 PM,6:00 PM,12/9/2018 13:00,1544360400,39.048889,-94.483889,Arrowhead Stadium,KC,BAL,Yes,27,24,51,Clear,0.87,1.22,17.12
103,46139,14,12/9/2018,1:00 PM,6:00 PM,12/9/2018 13:00,1544360400,41.506111,-81.699444,FirstEnergy Stadium,CLE,CAR,Yes,26,20,46,Clear,1.14,1.52,18.28
104,46142,14,12/9/2018,1:00 PM,6:00 PM,12/9/2018 13:00,1544360400,25.958056,-80.238889,Hard Rock Stadium,MIA,NE,Yes,34,33,67,Humid,5.61,6.18,75.64
105,46143,14,12/9/2018,1:00 PM,6:00 PM,12/9/2018 13:00,1544360400,27.975833,-82.503333,Raymond James Stadium,TB,NO,No,14,28,42,Overcast,11.73,16.5,71.05
106,46145,14,12/9/2018,1:00 PM,6:00 PM,12/9/2018 13:00,1544360400,42.773999999999994,-78.78699999999999,New Era Field,BUF,NYJ,No,23,27,50,Mostly Cloudy,2.35,4.14,25.59
107,46147,14,12/9/2018,4:05 PM,9:05 PM,12/9/2018 16:05,1544371500,37.403,-121.97,Levi's Stadium,SF,DEN,Yes,20,14,34,Mostly Cloudy,0.61,3.84,47.19
108,46150,14,12/9/2018,4:25 PM,9:25 PM,12/9/2018 16:25,1544372700,37.751667,-122.200556,Oakland-Alameda County Coliseum,OAK,PIT,Yes,24,21,45,Mostly Cloudy,1.9,6.62,47.03
109,46141,14,12/9/2018,8:20 PM,1:20 AM,12/9/2018 20:20,1544386800,41.8623,-87.6167,Soldier Field,CHI,LA,Yes,15,6,21,Clear,3.03,5.21,32.67
110,46151,14,12/10/2018,8:15 PM,1:15 AM,12/10/2018 20:15,1544472900,47.5952,-122.3316,CenturyLink Field,SEA,MIN,Yes,21,7,28,Mostly Cloudy,6.34,7.95,47.56
111,46152,15,12/13/2018,8:20 PM,1:20 AM,12/13/2018 20:20,1544732400,39.048889,-94.483889,Arrowhead Stadium,KC,LAC,No,28,29,57,Overcast,7.59,7.59,41.76
112,46154,15,12/15/2018,4:30 PM,9:30 PM,12/15/2018 16:30,1544891400,40.813528000000005,-74.074361,MetLife Stadium,NYJ,HOU,No,22,29,51,Overcast,4.54,4.95,48.87
113,46157,15,12/16/2018,1:00 PM,6:00 PM,12/16/2018 13:00,1544965200,39.095,-84.516,Paul Brown Stadium,CIN,OAK,Yes,30,16,46,Overcast,5.1,6.14,40.28
114,46158,15,12/16/2018,1:00 PM,6:00 PM,12/16/2018 13:00,1544965200,40.813528000000005,-74.074361,MetLife Stadium,NYG,TEN,No,0,17,17,Rain,11.17,12.93,38.9
115,46161,15,12/16/2018,1:00 PM,6:00 PM,12/16/2018 13:00,1544965200,42.773999999999994,-78.78699999999999,New Era Field,BUF,DET,Yes,14,13,27,Mostly Cloudy,8.41,8.55,34.23
116,46162,15,12/16/2018,1:00 PM,6:00 PM,12/16/2018 13:00,1544965200,41.8623,-87.6167,Soldier Field,CHI,GB,Yes,24,17,41,Foggy,1.04,2.62,28.04
117,46163,15,12/16/2018,1:00 PM,6:00 PM,12/16/2018 13:00,1544965200,39.278056,-76.622778,M&T Bank Stadium,BAL,TB,Yes,20,12,32,Drizzle,7.8,11.13,43.57
118,46164,15,12/16/2018,4:05 PM,9:05 PM,12/16/2018 16:05,1544976300,37.403,-121.97,Levi's Stadium,SF,SEA,Yes,26,23,49,Partly Cloudy,5.05,13.15,55.21
119,46165,15,12/16/2018,4:25 PM,9:25 PM,12/16/2018 16:25,1544977500,40.446667,-80.015833,Heinz Field,PIT,NE,Yes,17,10,27,Drizzle,5.08,5.68,40.97
120,46166,15,12/16/2018,8:20 PM,1:20 AM,12/16/2018 20:20,1544991600,34.014167,-118.287778,Los Angeles Memorial Coliseum,LA,PHI,No,23,30,53,Clear,2.11,6.55,69.11
121,46167,15,12/17/2018,8:15 PM,1:15 AM,12/17/2018 20:15,1545077700,35.225833,-80.852778,Bank of America Stadium,CAR,NO,No,9,12,21,Clear,4.82,5.52,64.15
122,46177,16,12/22/2018,4:30 PM,9:30 PM,12/22/2018 16:30,1545496200,36.166389,-86.771389,Nissan Stadium,TEN,WAS,Yes,25,16,41,Clear,5.04,5.09,41.68
123,46168,16,12/23/2018,1:00 PM,6:00 PM,12/23/2018 13:00,1545570000,35.225833,-80.852778,Bank of America Stadium,CAR,ATL,No,10,24,34,Clear,0.37,0.46,29.76
124,46169,16,12/23/2018,1:00 PM,6:00 PM,12/23/2018 13:00,1545570000,42.090944,-71.264344,Gillette Stadium,NE,BUF,Yes,24,12,36,Clear,5.55,5.8,30.8
125,46170,16,12/23/2018,1:00 PM,6:00 PM,12/23/2018 13:00,1545570000,41.506111,-81.699444,FirstEnergy Stadium,CLE,CIN,Yes,26,18,44,Overcast,3.08,4.9,32.94
126,46171,16,12/23/2018,1:00 PM,6:00 PM,12/23/2018 13:00,1545570000,40.813528000000005,-74.074361,MetLife Stadium,NYJ,GB,No,38,44,82,Partly Cloudy,6.44,6.85,36.45
127,46172,16,12/23/2018,1:00 PM,6:00 PM,12/23/2018 13:00,1545570000,39.900833,-75.1675,Lincoln Financial Field,PHI,HOU,Yes,32,30,62,Mostly Cloudy,3.42,4.76,37.75
128,46173,16,12/23/2018,1:00 PM,6:00 PM,12/23/2018 13:00,1545570000,25.958056,-80.238889,Hard Rock Stadium,MIA,JAX,No,7,17,24,Clear,4.8,5.24,55.53
129,46179,16,12/23/2018,4:05 PM,9:05 PM,12/23/2018 16:05,1545581100,37.403,-121.97,Levi's Stadium,SF,CHI,No,9,14,23,Partly Cloudy,0.74,4.82,49.44
130,46182,16,12/23/2018,8:20 PM,1:20 AM,12/23/2018 20:20,1545596400,47.5952,122.3316,CenturyLink Field,SEA,KC,Yes,38,31,69,Partly Cloudy,3.07,7.89,2.05
131,46183,16,12/24/2018,8:15 PM,1:15 AM,12/24/2018 20:15,1545682500,37.751667,-122.200556,Oakland-Alameda County Coliseum,OAK,DEN,Yes,27,14,41,Drizzle,5.61,11.51,55.72
132,46184,17,12/30/2018,1:00 PM,6:00 PM,12/30/2018 13:00,1546174800,27.975833,-82.503333,Raymond James Stadium,TB,ATL,No,32,34,66,Mostly Cloudy,0.37,1.24,66.42
133,46189,17,12/30/2018,1:00 PM,6:00 PM,12/30/2018 13:00,1546174800,40.813528000000005,-74.074361,MetLife Stadium,NYG,DAL,No,35,36,71,Overcast,2.77,3.75,34.98
134,46190,17,12/30/2018,1:00 PM,6:00 PM,12/30/2018 13:00,1546174800,44.501389,-88.06222199999999,Lambeau Field,GB,DET,No,0,31,31,Clear,9.57,20,19.65
135,46193,17,12/30/2018,1:00 PM,6:00 PM,12/30/2018 13:00,1546174800,42.773999999999994,-78.78699999999999,New Era Field,BUF,MIA,Yes,42,17,59,Light Snow,4.3,5.25,28.48
136,46194,17,12/30/2018,1:00 PM,6:00 PM,12/30/2018 13:00,1546174800,42.090944,-71.264344,Gillette Stadium,NE,NYJ,Yes,38,3,41,Partly Cloudy,3.46,4.3,26.1
137,46187,17,12/30/2018,4:25 PM,9:25 PM,12/30/2018 16:25,1546187100,40.446667,-80.015833,Heinz Field,PIT,CIN,Yes,16,13,29,Overcast,9.35,9.4,35.85
138,46188,17,12/30/2018,4:25 PM,9:25 PM,12/30/2018 16:25,1546187100,39.278056,-76.622778,M&T Bank Stadium,BAL,CLE,Yes,26,24,50,Mostly Cloudy,0.92,1.92,42.65
139,46195,17,12/30/2018,4:25 PM,9:25 PM,12/30/2018 16:25,1546187100,39.048889,-94.483889,Arrowhead Stadium,KC,OAK,Yes,35,3,38,Clear,10.64,10.75,31.15
140,46197,17,12/30/2018,4:25 PM,9:25 PM,12/30/2018 16:25,1546187100,47.5952,122.3316,CenturyLink Field,SEA,ARI,Yes,27,24,51,Clear,5.68,6.42,-2.11
141,46199,17,12/30/2018,4:25 PM,9:25 PM,12/30/2018 16:25,1546187100,34.014167,-118.287778,Los Angeles Memorial Coliseum,LA,SF,Yes,48,32,80,Clear,1.27,4.39,50.05
142,46191,17,12/30/2018,8:20 PM,1:20 AM,12/30/2018 20:20,1546201200,36.166389,-86.771389,Nissan Stadium,TEN,IND,No,17,33,50,Clear,3.1,3.78,56.93
