Game ID,Week,Date,Time (EST),Location,Home Team,Away Team,Home Score,Away Score,Total Points,Home Total Yards,Away Total Yards,Total Yards,Home Rushing Attempts,Home Rushing Yards,Home Longest Rush,Home Rushing TDs,Home Fumbles,Home Pass Attempts,Home Pass Completions,Home Passing Yards,Home Longest Pass,Home QB Rating,Home Passing TDs,Home Interceptions,Home First Downs,Home Punts,Home FG Attempts,Home FG Made,Home FG Pct,Home FG Att 1-19,Home FG Made 1-19,Home FG Pct 1-19,Home FG Att 20-29,Home FG Made 20-29,Home FG Pct 20-29,Home FG Att 30-39,Home FG Made 30-39,Home FG Pct 30-39,Home FG Att 40-49,Home FG Made 40-49,Home FG Pct 40-49,Home FG Att 50+,Home FG Made 50+,Home FG Pct 50+,Away Rushing Attempts,Away Rushing Yards,Away Longest Rush,Away Rushing TDs,Away Fumbles,Away Pass Attempts,Away Pass Completions,Away Passing Yards,Away Longest Pass,Away QB Rating,Away Passing TDs,Away Interceptions,Away Punts,Away First Downs,Away FG Attempts,Away FG Made,Away FG Pct,Away FG Att 1-19,Away FG Made 1-19,Away FG Pct 1-19,Away FG Att 20-29,Away FG Made 20-29,Away FG Pct 20-29,Away FG Att 30-39,Away FG Made 30-39,Away FG Pct 30-39,Away FG Att 40-49,Away FG Made 40-49,Away FG Pct 40-49,Away FG Att 50+,Away FG Made 50+,Away FG Pct 50+,Summary,Precip Intensity,Precip Probability,Precip Type,Temp,Apparent Temp,Humidity,Wind Speed,Wind Gust,Cloud Cover,UV Index,Visibility,Indoor
45944,1,2018-09-06,8:20PM,Lincoln Financial Field,PHI,ATL,18,12,30,232,299,531,27,113,21,2,2,35,20,119,50,53.5,0,1,18,6,1,1,100.0,0,0,0.0,1,1,100.0,0,0,0.0,0,0,0.0,0,0,0.0,18,74,20,1,1,43,21,225,36,57.4,0,1,6,16,2,2,100.0,0,0,0.0,0,0,0.0,0,0,0.0,0,0,0.0,1,1,100.0,Partly Cloudy,0.0027,0.06,rain,81.35,85.2,0.7,2.92,4.52,0.56,0,10,False
45945,1,2018-09-09,1:00PM,M&T Bank Stadium,BAL,BUF,47,3,50,369,153,522,34,117,16,3,4,38,26,252,29,113.9,3,0,26,5,2,2,100.0,0,0,0.0,0,0,0.0,1,1,100.0,1,1,100.0,0,0,0.0,22,83,12,0,1,33,11,70,24,17.1,0,2,8,10,2,1,50.0,0,0,0.0,0,0,0.0,0,0,0.0,0,0,0.0,1,0,0.0,Light Rain,0.0371,0.46,rain,62.57,62.66,0.88,11.98,20.49,1,4,4.83,False
45946,1,2018-09-09,1:00PM,Lucas Oil Stadium,IND,CIN,23,34,57,380,330,710,22,75,12,0,1,53,39,305,26,93.2,2,1,24,2,4,3,75.0,0,0,0.0,1,1,100.0,1,1,100.0,0,0,0.0,2,1,50.0,20,101,27,1,2,28,21,229,38,109.7,2,1,2,19,2,2,100.0,0,0,0.0,0,0,0.0,0,0,0.0,0,0,0.0,0,0,0.0,Overcast,0.0004,0.3,rain,59.17,59.2,0.94,9.64,10.26,1,4,3.26,True
45947,1,2018-09-09,1:00PM,Gillette Stadium,NE,HOU,27,20,47,389,325,714,31,122,12,0,3,39,26,267,31,102.2,3,1,23,6,2,2,100.0,0,0,0.0,0,0,0.0,2,2,100.0,0,0,0.0,0,0,0.0,34,167,31,1,1,34,17,158,51,62.9,1,1,6,21,2,2,100.0,0,0,0.0,0,0,0.0,0,0,0.0,0,0,0.0,0,0,0.0,Mostly Cloudy,0,0,No Data,62.22,62.22,0.61,6.7,8.48,0.78,5,10,False
45948,1,2018-09-09,1:00PM,MetLife Stadium,NYG,JAX,15,20,35,324,305,629,23,114,68,1,1,37,23,210,34,67.8,0,1,15,5,3,3,100.0,0,0,0.0,1,1,100.0,1,1,100.0,1,1,100.0,0,0,0.0,28,137,41,0,0,33,18,168,31,67.2,1,1,7,17,2,2,100.0,0,0,0.0,0,0,0.0,0,0,0.0,0,0,0.0,0,0,0.0,Light Rain,0.0233,0.84,rain,58.85,58.85,0.86,4.75,5.52,1,4,8.95,False
45949,1,2018-09-09,1:00PM,FirstEnergy Stadium,CLE,PIT,21,21,42,327,472,799,38,177,20,2,1,40,15,150,39,51.8,1,1,22,12,1,0,0.0,0,0,0.0,0,0,0.0,0,0,0.0,1,0,0.0,0,0,0.0,35,159,22,2,3,41,23,313,67,60.5,1,3,7,25,1,0,0.0,0,0,0.0,0,0,0.0,0,0,0.0,0,0,0.0,0,0,0.0,Rain,0.1032,0.56,rain,59.36,59.36,0.92,4.75,8.27,1,4,2.3,False
45950,1,2018-09-09,1:00PM,US Bank Stadium,MIN,SF,24,16,40,343,327,670,32,116,23,0,1,36,20,227,34,95.1,2,0,19,6,1,1,100.0,0,0,0.0,0,0,0.0,0,0,0.0,1,1,100.0,0,0,0.0,25,90,14,0,3,33,15,237,56,45.1,1,3,4,20,3,3,100.0,0,0,0.0,0,0,0.0,0,0,0.0,0,0,0.0,0,0,0.0,Clear,0,0,No Data,68.37,68.37,0.59,9.28,11.52,0.16,5,10,True
45951,1,2018-09-09,1:00PM,Mercedes-Benz Superdome,NO,TB,40,48,88,475,529,1004,13,43,10,2,2,45,37,432,35,129.5,3,0,26,3,1,1,100.0,0,0,0.0,0,0,0.0,1,1,100.0,0,0,0.0,0,0,0.0,34,112,23,1,1,28,21,417,58,156.2,4,0,1,26,3,2,66.7,0,0,0.0,0,0,0.0,0,0,0.0,0,0,0.0,0,0,0.0,Humid and Mostly Cloudy,0,0,No Data,88.27,97.12,0.63,1.49,2.73,0.62,6,10,True
45952,1,2018-09-09,1:00PM,Hard Rock Stadium,MIA,TEN,27,20,47,342,336,678,29,120,21,0,0,28,20,222,75,89.9,2,2,18,4,2,2,100.0,0,0,0.0,1,1,100.0,1,1,100.0,0,0,0.0,0,0,0.0,29,116,26,1,0,38,20,220,31,37.2,0,3,4,19,2,2,100.0,0,0,0.0,0,0,0.0,0,0,0.0,0,0,0.0,1,1,100.0,Humid and Mostly Cloudy,0,0,No Data,88.66,97.33,0.61,4.16,6.23,0.75,6,10,False
45953,1,2018-09-09,4:05PM,Dignity Health Sports Park,LAC,KC,28,38,66,541,362,903,22,123,19,0,2,51,34,418,30,103.7,3,1,33,3,3,2,66.7,0,0,0.0,0,0,0.0,1,1,100.0,2,1,50.0,0,0,0.0,27,106,27,0,0,27,15,256,58,127.5,4,0,5,19,1,1,100.0,0,0,0.0,0,0,0.0,0,0,0.0,0,0,0.0,0,0,0.0,Clear,0,0,No Data,85.35,85.35,0.43,5.19,7.95,0.01,9,8.13,False
45954,1,2018-09-09,4:25PM,Bank of America Stadium,CAR,DAL,16,8,24,293,232,525,32,147,29,2,2,26,17,146,19,82.4,0,0,20,6,1,1,100.0,0,0,0.0,1,1,100.0,0,0,0.0,0,0,0.0,0,0,0.0,22,94,17,1,1,29,19,138,20,81.1,0,0,6,17,1,0,0.0,0,0,0.0,0,0,0.0,0,0,0.0,0,0,0.0,0,0,0.0,Mostly Cloudy,0,0,No Data,83.77,88.82,0.66,6.47,6.93,0.66,3,10,False
45955,1,2018-09-09,4:25PM,Broncos Stadium at Mile High,DEN,SEA,27,24,51,470,306,776,32,146,17,0,0,39,25,324,43,84.2,3,3,25,6,2,2,100.0,0,0,0.0,0,0,0.0,0,0,0.0,0,0,0.0,2,2,100.0,16,64,24,0,3,33,19,242,66,92.7,3,2,6,13,2,1,50.0,0,0,0.0,0,0,0.0,0,0,0.0,0,0,0.0,0,0,0.0,Clear,0,0,No Data,85.18,85.18,0.15,3.7,11.93,0.16,6,3.91,False
45956,1,2018-09-09,4:25PM,State Farm Stadium,ARI,WAS,6,24,30,213,429,642,15,68,11,1,1,34,20,145,27,57.6,0,1,14,5,0,0,0.0,0,0,0.0,0,0,0.0,0,0,0.0,0,0,0.0,0,0,0.0,42,182,17,1,3,30,21,247,52,118.1,2,0,4,30,1,1,100.0,0,0,0.0,0,0,0.0,0,0,0.0,0,0,0.0,0,0,0.0,Clear,0,0,No Data,100.84,100.84,0.23,3.09,8.34,0.12,8,10,True
45957,1,2018-09-09,8:20PM,Lambeau Field,GB,CHI,24,23,47,373,293,666,18,69,15,0,2,37,24,304,75,110.3,3,1,16,4,1,1,100.0,0,0,0.0,0,0,0.0,0,0,0.0,1,1,100.0,0,0,0.0,27,139,16,1,2,35,23,154,33,77.2,0,0,4,18,3,3,100.0,0,0,0.0,0,0,0.0,0,0,0.0,0,0,0.0,0,0,0.0,Clear,0,0,No Data,60.07,60.07,0.65,4.81,5.92,0,0,10,False
45958,1,2018-09-10,7:10PM,Ford Field,DET,NYJ,17,48,65,339,349,688,15,39,9,0,0,52,29,300,28,39.4,1,5,21,3,3,1,33.3,0,0,0.0,1,1,100.0,0,0,0.0,1,0,0.0,1,0,0.0,36,169,62,2,1,21,16,180,41,116.8,2,1,3,17,2,2,100.0,0,0,0.0,0,0,0.0,0,0,0.0,0,0,0.0,0,0,0.0,Overcast,0,0,No Data,63.56,63.56,0.81,7.94,8.28,1,0,10,True
45959,1,2018-09-10,10:20PM,Oakland-Alameda County Coliseum,OAK,LA,13,33,46,395,365,760,23,95,13,1,0,40,29,300,45,62.8,0,3,20,4,2,2,100.0,0,0,0.0,1,1,100.0,0,0,0.0,1,1,100.0,0,0,0.0,26,140,23,0,1,33,18,225,30,97.2,2,0,2,23,5,4,80.0,0,0,0.0,0,0,0.0,0,0,0.0,0,0,0.0,1,1,100.0,Clear,0,0,No Data,71.17,71.17,0.48,5.04,8.12,0.05,0,10,False
45960,2,2018-09-13,8:20PM,Paul Brown Stadium,CIN,BAL,34,23,57,373,425,798,28,108,21,0,1,42,24,265,32,107.7,4,0,24,6,2,2,100.0,0,0,0.0,1,1,100.0,0,0,0.0,1,1,100.0,0,0,0.0,22,66,14,1,2,55,32,359,45,76.0,2,2,3,28,1,1,100.0,0,0,0.0,0,0,0.0,0,0,0.0,0,0,0.0,1,1,100.0,Clear,0,0,No Data,75.92,76.76,0.76,0.23,2.04,0,0,6.34,False
45961,2,2018-09-16,1:00PM,Mercedes-Benz Stadium,ATL,CAR,31,24,55,442,439,881,32,170,36,2,3,28,23,272,37,116.1,2,1,24,4,1,1,100.0,0,0,0.0,0,0,0.0,0,0,0.0,1,1,100.0,0,0,0.0,18,121,22,0,0,45,32,318,51,105.3,3,1,4,27,1,1,100.0,0,0,0.0,0,0,0.0,0,0,0.0,0,0,0.0,1,1,100.0,Clear,No Data,No Data,rain,79.2,81.88,0.72,5.91,10.48,No Data,No Data,3.04,True
45962,2,2018-09-16,1:00PM,Mercedes-Benz Superdome,NO,CLE,21,18,39,275,327,602,23,62,18,0,2,35,28,213,42,114.6,2,0,18,4,3,2,66.7,0,0,0.0,0,0,0.0,1,1,100.0,2,1,50.0,0,0,0.0,27,93,15,1,3,30,22,234,47,94.6,1,1,3,16,4,2,50.0,0,0,0.0,0,0,0.0,0,0,0.0,0,0,0.0,1,0,0.0,Humid,No Data,No Data,rain,91.06,103.1,0.61,1.78,2.77,No Data,No Data,10,True
45963,2,2018-09-16,1:00PM,Nissan Stadium,TEN,HOU,20,17,37,283,437,720,34,100,13,0,1,22,15,183,66,125.4,2,0,15,5,2,2,100.0,0,0,0.0,0,0,0.0,1,1,100.0,1,1,100.0,0,0,0.0,26,148,18,0,2,32,22,289,46,107.6,2,1,4,20,2,1,50.0,0,0,0.0,0,0,0.0,0,0,0.0,0,0,0.0,1,0,0.0,Clear,No Data,No Data,rain,81.59,84.75,0.65,7.42,7.42,No Data,No Data,10,False
45964,2,2018-09-16,1:00PM,FedEx Field,WAS,IND,9,21,30,334,281,615,22,65,25,0,2,46,33,269,34,88.3,0,0,20,5,4,3,75.0,0,0,0.0,1,1,100.0,0,0,0.0,3,2,66.7,0,0,0.0,28,104,18,1,1,31,21,177,22,77.2,2,2,5,17,0,0,0.0,0,0,0.0,0,0,0.0,0,0,0.0,0,0,0.0,0,0,0.0,Clear,No Data,No Data,rain,73.86,74.77,0.81,5.59,8.3,No Data,No Data,7.72,False
45965,2,2018-09-16,1:00PM,Heinz Field,PIT,KC,37,42,79,475,449,924,13,33,9,2,3,60,39,442,46,104.3,3,0,31,5,1,0,0.0,0,0,0.0,0,0,0.0,0,0,0.0,1,0,0.0,0,0,0.0,25,127,31,0,3,28,23,322,40,154.8,6,0,2,22,0,0,0.0,0,0,0.0,0,0,0.0,0,0,0.0,0,0,0.0,0,0,0.0,Clear,No Data,No Data,rain,79.61,81.7,0.64,7.35,7.91,No Data,No Data,10,False
45966,2,2018-09-16,1:00PM,New Era Field,BUF,LAC,20,31,51,293,349,642,22,84,27,1,2,33,18,209,57,63.3,1,2,15,5,2,2,100.0,0,0,0.0,0,0,0.0,0,0,0.0,2,2,100.0,0,0,0.0,26,109,22,1,2,27,23,240,25,143.2,3,0,5,21,1,1,100.0,0,0,0.0,0,0,0.0,0,0,0.0,0,0,0.0,0,0,0.0,Clear,No Data,No Data,rain,79.92,82.73,0.69,2.42,5.64,No Data,No Data,10,False
45967,2,2018-09-16,1:00PM,MetLife Stadium,NYJ,MIA,12,20,32,362,262,624,19,42,12,0,4,41,25,320,44,74.6,1,2,22,5,2,2,100.0,0,0,0.0,0,0,0.0,0,0,0.0,1,1,100.0,1,1,100.0,31,135,20,1,3,23,17,127,29,123.1,2,0,6,18,0,0,0.0,0,0,0.0,0,0,0.0,0,0,0.0,0,0,0.0,0,0,0.0,Clear,No Data,No Data,rain,82.87,85.17,0.57,3.56,4.82,No Data,No Data,10,False
45968,2,2018-09-16,1:00PM,Lambeau Field,GB,MIN,29,29,58,351,480,831,24,98,16,0,1,42,30,253,34,97.4,1,0,25,5,6,5,83.3,0,0,0.0,0,0,0.0,3,3,100.0,2,2,100.0,1,0,0.0,18,68,9,0,0,48,35,412,75,118.8,4,1,4,24,3,0,0.0,0,0,0.0,0,0,0.0,0,0,0.0,0,0,0.0,0,0,0.0,Clear,No Data,No Data,rain,78.16,79.01,0.71,5.24,5.43,No Data,No Data,10,False
45969,2,2018-09-16,1:00PM,Raymond James Stadium,TB,PHI,27,21,48,436,404,840,23,43,9,0,1,33,27,393,75,144.4,4,1,18,6,0,0,0.0,0,0,0.0,0,0,0.0,0,0,0.0,0,0,0.0,0,0,0.0,24,91,20,2,2,48,35,313,50,98.8,1,0,5,24,1,0,0.0,0,0,0.0,0,0,0.0,0,0,0.0,0,0,0.0,0,0,0.0,Humid,No Data,No Data,rain,89.45,100.73,0.64,8.73,9.63,No Data,No Data,10,False
45970,2,2018-09-16,4:05PM,Los Angeles Memorial Coliseum,LA,ARI,34,0,34,432,137,569,33,90,19,3,0,32,24,342,57,108.1,1,1,24,2,1,1,100.0,0,0,0.0,1,1,100.0,0,0,0.0,0,0,0.0,0,0,0.0,15,54,9,0,0,27,17,83,15,53.0,0,1,8,5,0,0,0.0,0,0,0.0,0,0,0.0,0,0,0.0,0,0,0.0,0,0,0.0,Clear,0,0,No Data,85.64,85.64,0.25,4.78,10.01,0,8,10,False
45971,2,2018-09-16,4:05PM,Levi's Stadium,SF,DET,30,27,57,346,429,775,28,190,66,1,1,26,18,156,35,118.4,2,0,22,5,3,3,100.0,0,0,0.0,0,0,0.0,1,1,100.0,2,2,100.0,0,0,0.0,18,98,21,0,1,53,34,331,67,101.7,3,0,5,26,2,2,100.0,0,0,0.0,0,0,0.0,0,0,0.0,0,0,0.0,0,0,0.0,Clear,0,0,No Data,72.62,72.62,0.38,5.07,12.1,0.01,7,10,False
45972,2,2018-09-16,4:25PM,Broncos Stadium at Mile High,DEN,OAK,20,19,39,385,487,872,28,168,53,2,0,35,19,217,26,61.8,0,1,19,4,2,2,100.0,0,0,0.0,0,0,0.0,2,2,100.0,0,0,0.0,0,0,0.0,27,92,11,1,1,32,29,395,30,114.6,1,0,4,22,2,2,100.0,0,0,0.0,0,0,0.0,0,0,0.0,0,0,0.0,0,0,0.0,Clear,0,0,No Data,90.74,90.74,0.13,3.48,10.78,0.17,6,3.63,False
45973,2,2018-09-16,4:25PM,TIAA Bank Field,JAX,NE,31,20,51,491,302,793,24,104,20,0,2,45,29,387,61,112.0,4,1,26,3,1,1,100.0,0,0,0.0,1,1,100.0,0,0,0.0,0,0,0.0,0,0,0.0,24,82,15,0,1,35,24,220,29,106.1,2,0,4,18,3,2,66.7,0,0,0.0,0,0,0.0,0,0,0.0,0,0,0.0,1,0,0.0,Humid and Mostly Cloudy,0,0,No Data,93.81,104.04,0.52,7.99,8.91,0.75,3,10,False
45974,2,2018-09-16,8:20PM,AT&T Stadium,DAL,NYG,20,13,33,298,260,558,25,138,19,1,1,25,16,160,64,95.4,1,0,16,4,2,2,100.0,0,0,0.0,1,1,100.0,1,1,100.0,0,0,0.0,0,0,0.0,17,35,10,0,1,44,33,225,37,98.6,1,0,6,17,2,2,100.0,0,0,0.0,0,0,0.0,0,0,0.0,0,0,0.0,0,0,0.0,Partly Cloudy,0,0,No Data,87.31,93.05,0.58,2.47,3.04,0.29,0,10,True
45975,2,2018-09-17,8:15PM,Soldier Field,CHI,SEA,24,17,41,271,275,546,27,86,17,0,0,34,25,185,38,83.0,2,2,21,5,1,1,100.0,0,0,0.0,1,1,100.0,0,0,0.0,0,0,0.0,0,0,0.0,22,74,10,0,3,36,22,201,34,86.1,2,1,7,17,1,1,100.0,0,0,0.0,0,0,0.0,0,0,0.0,0,0,0.0,1,1,100.0,Clear,0,0,No Data,80.77,82.8,0.6,2.48,2.8,0.15,0,10,False
45976,3,2018-09-20,8:20PM,FirstEnergy Stadium,CLE,NYJ,21,17,38,323,288,611,33,133,22,2,2,37,21,190,98,74.2,0,0,20,8,2,2,100.0,0,0,0.0,1,1,100.0,0,0,0.0,1,1,100.0,0,0,0.0,30,107,21,2,1,31,15,181,37,40.9,0,2,7,14,1,1,100.0,0,0,0.0,0,0,0.0,0,0,0.0,0,0,0.0,0,0,0.0,Humid,0,0,No Data,78.91,82.05,0.81,3.7,4.58,0.06,0,2.53,False
45977,3,2018-09-23,1:00PM,US Bank Stadium,MIN,BUF,6,27,33,286,292,578,6,14,11,0,4,55,40,272,19,83.6,1,1,20,4,0,0,0.0,0,0,0.0,0,0,0.0,0,0,0.0,0,0,0.0,0,0,0.0,38,128,10,2,3,22,15,164,55,111.2,1,0,6,16,2,2,100.0,0,0,0.0,0,0,0.0,0,0,0.0,0,0,0.0,1,1,100.0,Clear,0,0,No Data,69.02,69.02,0.56,6.2,6.54,0.04,5,10,True
45978,3,2018-09-23,1:00PM,Bank of America Stadium,CAR,CIN,31,21,52,377,396,773,41,230,45,2,1,24,15,147,27,108.0,2,0,23,4,1,1,100.0,0,0,0.0,0,0,0.0,0,0,0.0,1,1,100.0,0,0,0.0,13,66,23,1,0,46,29,330,49,64.8,2,4,3,25,1,0,0.0,0,0,0.0,0,0,0.0,0,0,0.0,0,0,0.0,1,0,0.0,Mostly Cloudy,0,0,No Data,81.77,85.12,0.66,1.73,4.18,0.67,5,9.18,False
45979,3,2018-09-23,1:00PM,M&T Bank Stadium,BAL,DEN,27,14,41,342,293,635,28,77,14,2,1,40,25,265,44,91.4,1,0,20,5,3,2,66.7,0,0,0.0,0,0,0.0,0,0,0.0,1,0,0.0,2,2,100.0,24,120,35,2,1,34,22,173,22,67.3,0,1,7,18,0,0,0.0,0,0,0.0,0,0,0.0,0,0,0.0,0,0,0.0,0,0,0.0,Drizzle,0.0102,0.39,rain,62.65,63.02,0.94,4.98,6.51,1,4,5.27,False
45980,3,2018-09-23,1:00PM,FedEx Field,WAS,GB,31,17,48,386,340,726,35,166,41,2,0,20,12,220,50,110.4,2,1,20,5,1,1,100.0,0,0,0.0,0,0,0.0,1,1,100.0,0,0,0.0,0,0,0.0,17,100,17,0,2,45,27,240,64,91.4,2,0,5,19,1,1,100.0,0,0,0.0,0,0,0.0,0,0,0.0,0,0,0.0,0,0,0.0,Drizzle,0.0175,0.42,rain,63.24,63.71,0.95,4.57,5.85,1,4,4.5,False
45981,3,2018-09-23,1:00PM,Lincoln Financial Field,PHI,IND,20,16,36,379,209,588,35,152,16,1,4,37,25,227,34,84.8,1,1,25,3,3,2,66.7,0,0,0.0,1,1,100.0,1,1,100.0,0,0,0.0,1,0,0.0,13,68,33,0,0,41,25,141,29,77.7,1,0,5,14,3,3,100.0,0,0,0.0,0,0,0.0,0,0,0.0,0,0,0.0,0,0,0.0,Light Rain,0.0239,0.82,rain,61.28,61.55,0.94,3.73,3.97,0.99,4,8.41,False
45982,3,2018-09-23,1:00PM,Mercedes-Benz Stadium,ATL,NO,37,43,80,408,534,942,23,49,15,0,0,35,26,359,75,148.1,5,0,23,5,0,0,0.0,0,0,0.0,0,0,0.0,0,0,0.0,0,0,0.0,0,0,0.0,27,128,35,2,1,49,39,406,35,122.0,3,0,4,32,3,3,100.0,0,0,0.0,0,0,0.0,0,0,0.0,0,0,0.0,0,0,0.0,Partly Cloudy,0,0,No Data,85.07,86.82,0.51,3.32,7.8,0.47,6,3.94,True
45983,3,2018-09-23,1:00PM,NRG Stadium,HOU,NYG,22,27,49,427,379,806,19,59,10,0,1,40,24,368,39,98.4,2,1,21,3,3,3,100.0,0,0,0.0,2,2,100.0,0,0,0.0,0,0,0.0,1,1,100.0,27,114,24,1,2,29,25,265,30,132.3,2,0,4,22,2,2,100.0,0,0,0.0,0,0,0.0,0,0,0.0,0,0,0.0,0,0,0.0,Mostly Cloudy,0,0,No Data,79.16,81.8,0.72,7.18,7.23,0.71,5,10,True
45984,3,2018-09-23,1:00PM,Hard Rock Stadium,MIA,OAK,28,20,48,373,434,807,14,41,18,0,0,24,18,332,74,156.2,4,0,13,6,0,0,0.0,0,0,0.0,0,0,0.0,0,0,0.0,0,0,0.0,0,0,0.0,32,109,15,1,0,39,27,325,66,83.8,1,2,3,24,2,2,100.0,0,0,0.0,0,0,0.0,0,0,0.0,0,0,0.0,1,1,100.0,Humid and Partly Cloudy,0,0,No Data,88.94,97.04,0.6,6.98,7.33,0.31,8,10,False
45985,3,2018-09-23,1:00PM,Arrowhead Stadium,KC,SF,38,27,65,384,405,789,28,77,11,2,2,38,24,307,42,115.5,3,0,31,2,1,1,100.0,0,0,0.0,0,0,0.0,1,1,100.0,0,0,0.0,0,0,0.0,29,178,26,1,3,30,20,227,35,114.7,2,0,4,25,2,2,100.0,0,0,0.0,0,0,0.0,0,0,0.0,0,0,0.0,0,0,0.0,Clear,0,0,No Data,72.78,72.78,0.54,4.98,5.11,0,6,10,False
45986,3,2018-09-23,1:00PM,TIAA Bank Field,JAX,TEN,6,9,15,236,229,465,19,87,13,0,2,34,21,149,15,73.0,0,0,11,6,2,2,100.0,0,0,0.0,0,0,0.0,1,1,100.0,1,1,100.0,0,0,0.0,34,146,16,0,1,21,13,83,22,75.1,0,0,6,15,4,3,75.0,0,0,0.0,0,0,0.0,0,0,0.0,0,0,0.0,0,0,0.0,Mostly Cloudy,0,0,No Data,87.54,93.32,0.58,5.41,7.32,0.75,5,10,False
45987,3,2018-09-23,4:05PM,Los Angeles Memorial Coliseum,LA,LAC,35,23,58,521,356,877,35,171,16,1,1,36,29,350,53,123.8,3,1,33,1,1,0,0.0,0,0,0.0,0,0,0.0,0,0,0.0,1,0,0.0,0,0,0.0,20,141,32,1,2,30,18,215,42,105.7,2,0,2,16,1,1,100.0,0,0,0.0,0,0,0.0,0,0,0.0,0,0,0.0,0,0,0.0,Clear,0,0,No Data,79.6,79.6,0.49,4.58,9.16,0.04,7,9.73,False
45988,3,2018-09-23,4:25PM,State Farm Stadium,ARI,CHI,14,16,30,221,314,535,18,53,12,0,2,26,17,168,39,73.6,2,3,13,4,0,0,0.0,0,0,0.0,0,0,0.0,0,0,0.0,0,0,0.0,0,0,0.0,31,122,21,1,1,35,24,192,39,73.5,0,1,3,21,4,3,75.0,0,0,0.0,0,0,0.0,0,0,0.0,0,0,0.0,0,0,0.0,Clear,0,0,No Data,100.23,100.23,0.12,4.92,10.84,0.13,7,10,True
45989,3,2018-09-23,4:25PM,CenturyLink Field,SEA,DAL,24,13,37,295,303,598,39,113,13,1,1,26,16,182,52,109.8,2,0,18,8,1,1,100.0,0,0,0.0,0,0,0.0,0,0,0.0,1,1,100.0,0,0,0.0,19,166,26,0,1,34,19,137,20,66.8,1,1,5,19,2,2,100.0,0,0,0.0,0,0,0.0,0,0,0.0,0,0,0.0,1,1,100.0,Partly Cloudy,0,0,No Data,62.81,62.81,0.52,1.94,3.86,0.54,4,5,False
45990,3,2018-09-23,8:20PM,Ford Field,DET,NE,26,10,36,414,209,623,33,159,15,0,1,36,27,255,33,101.8,2,1,24,2,4,4,100.0,0,0,0.0,1,1,100.0,3,3,100.0,0,0,0.0,0,0,0.0,19,89,15,0,0,26,14,120,19,65.1,1,1,5,12,1,1,100.0,0,0,0.0,0,0,0.0,0,0,0.0,0,0,0.0,0,0,0.0,Clear,0,0,No Data,63.82,63.82,0.62,5.21,5.38,0.03,0,10,True
45991,3,2018-09-24,8:15PM,Raymond James Stadium,TB,PIT,27,30,57,457,413,870,16,63,18,0,1,50,30,394,51,81.5,3,3,28,3,2,2,100.0,0,0,0.0,2,2,100.0,0,0,0.0,0,0,0.0,0,0,0.0,22,78,27,0,1,38,30,335,75,120.7,3,1,5,22,2,1,50.0,0,0,0.0,0,0,0.0,0,0,0.0,0,0,0.0,0,0,0.0,Light Rain,0.072,0.64,rain,77.75,79.36,0.88,3.08,4.36,0.81,0,9.59,False
45992,4,2018-09-27,8:20PM,Los Angeles Memorial Coliseum,LA,MIN,38,31,69,556,441,997,20,100,10,0,1,34,26,456,70,157.5,5,0,25,2,2,1,50.0,0,0,0.0,1,0,0.0,1,1,100.0,0,0,0.0,0,0,0.0,17,54,19,0,1,50,36,387,45,117.2,3,0,4,25,3,3,100.0,0,0,0.0,0,0,0.0,0,0,0.0,0,0,0.0,0,0,0.0,Clear,0,0,No Data,83.44,83.44,0.44,3.41,7.33,0.1,1,9.22,False
45993,4,2018-09-30,1:00PM,Lambeau Field,GB,BUF,22,0,22,422,145,567,32,141,30,1,3,40,22,281,43,76.9,1,1,22,4,3,3,100.0,0,0,0.0,0,0,0.0,1,1,100.0,0,0,0.0,2,2,100.0,16,58,11,0,1,33,16,87,34,36.3,0,2,8,11,0,0,0.0,0,0,0.0,0,0,0.0,0,0,0.0,0,0,0.0,0,0,0.0,Overcast,0,0,No Data,48.37,46.51,0.8,4.66,6.29,1,3,9.45,False
45994,4,2018-09-30,1:00PM,Mercedes-Benz Stadium,ATL,CIN,36,37,73,495,407,902,24,92,13,1,3,39,29,403,49,134.5,3,0,25,1,3,3,100.0,0,0,0.0,1,1,100.0,1,1,100.0,0,0,0.0,1,1,100.0,23,99,14,2,0,41,29,308,39,109.5,3,1,1,30,1,1,100.0,0,0,0.0,0,0,0.0,0,0,0.0,0,0,0.0,0,0,0.0,Overcast,0,0,No Data,76.59,77.8,0.82,4.13,6.72,1,4,3.99,True
45995,4,2018-09-30,1:00PM,AT&T Stadium,DAL,DET,26,24,50,414,382,796,35,183,41,0,2,27,17,231,38,118.6,2,0,25,2,4,4,100.0,0,0,0.0,1,1,100.0,2,2,100.0,1,1,100.0,0,0,0.0,20,96,32,1,0,30,24,286,45,131.5,2,0,4,18,1,1,100.0,0,0,0.0,0,0,0.0,0,0,0.0,0,0,0.0,0,0,0.0,Mostly Cloudy,0,0,No Data,79.25,81.74,0.69,6.82,7.34,0.81,4,10,True
45996,4,2018-09-30,1:00PM,Lucas Oil Stadium,IND,HOU,34,37,71,476,466,942,17,41,10,0,3,62,40,435,42,108.5,4,0,28,5,2,2,100.0,0,0,0.0,0,0,0.0,0,0,0.0,2,2,100.0,0,0,0.0,35,119,18,1,0,42,29,347,30,102.8,2,1,5,30,4,3,75.0,0,0,0.0,0,0,0.0,0,0,0.0,0,0,0.0,1,0,0.0,Clear,0,0,No Data,75.58,75.7,0.61,7.35,8.37,0,6,10,True
45997,4,2018-09-30,1:00PM,Gillette Stadium,NE,MIA,38,7,45,449,172,621,40,175,23,2,0,35,23,274,55,94.2,3,2,27,2,1,1,100.0,0,0,0.0,1,1,100.0,0,0,0.0,0,0,0.0,0,0,0.0,18,56,14,0,1,25,15,116,22,71.2,1,1,7,11,0,0,0.0,0,0,0.0,0,0,0.0,0,0,0.0,0,0,0.0,0,0,0.0,Clear,0,0,No Data,66.53,66.53,0.45,3.28,5.11,0.04,5,10,False
45998,4,2018-09-30,1:00PM,TIAA Bank Field,JAX,NYJ,31,12,43,503,178,681,34,126,23,1,4,38,29,377,67,114.8,2,1,23,3,3,3,100.0,0,0,0.0,1,1,100.0,1,1,100.0,0,0,0.0,1,1,100.0,14,34,9,0,0,34,17,144,42,74.0,1,0,7,10,2,2,100.0,0,0,0.0,0,0,0.0,0,0,0.0,0,0,0.0,0,0,0.0,Humid and Mostly Cloudy,0,0,No Data,86.88,95.65,0.67,10.09,10.3,0.74,5,9.65,False
45999,4,2018-09-30,1:00PM,Nissan Stadium,TEN,PHI,26,23,49,386,438,824,22,59,17,1,1,43,30,327,51,99.4,2,1,22,5,2,2,100.0,0,0,0.0,0,0,0.0,1,1,100.0,1,1,100.0,0,0,0.0,22,117,15,0,2,50,33,321,56,100.2,2,0,6,26,3,3,100.0,0,0,0.0,0,0,0.0,0,0,0.0,0,0,0.0,0,0,0.0,Clear,0,0,No Data,80.79,82.55,0.58,0.05,0.31,0.14,6,10,False
46000,4,2018-09-30,1:00PM,Soldier Field,CHI,TB,48,10,58,483,311,794,31,139,26,0,0,26,19,344,47,154.6,6,0,28,2,2,2,100.0,0,0,0.0,0,0,0.0,0,0,0.0,1,1,100.0,1,1,100.0,18,60,12,0,1,38,25,251,48,62.5,1,3,5,16,1,1,100.0,0,0,0.0,0,0,0.0,0,0,0.0,0,0,0.0,0,0,0.0,Overcast,0.0004,0.04,rain,64.71,64.71,0.74,1.42,5.57,0.96,3,10,False
46001,4,2018-09-30,4:05PM,Oakland-Alameda County Coliseum,OAK,CLE,45,42,87,565,485,1050,29,139,52,0,0,58,35,426,36,92.4,4,2,27,6,5,3,60.0,0,0,0.0,2,2,100.0,0,0,0.0,2,1,50.0,1,0,0.0,31,208,63,3,3,41,21,277,59,70.7,2,2,7,21,2,2,100.0,0,0,0.0,0,0,0.0,0,0,0.0,0,0,0.0,0,0,0.0,Clear,0,0,No Data,71.46,71.46,0.54,2.58,7.94,0.2,6,10,False
46002,4,2018-09-30,4:05PM,State Farm Stadium,ARI,SEA,17,20,37,263,331,594,28,92,21,1,2,27,15,171,31,88.5,1,0,18,5,3,1,33.3,0,0,0.0,1,1,100.0,0,0,0.0,1,0,0.0,1,0,0.0,34,171,20,2,3,26,19,160,30,90.5,0,0,4,18,4,2,50.0,0,0,0.0,0,0,0.0,0,0,0.0,0,0,0.0,2,1,50.0,Partly Cloudy,0,0,No Data,94.29,94.29,0.25,4.8,7.74,0.37,6,10,True
46003,4,2018-09-30,4:25PM,MetLife Stadium,NYG,NO,18,33,51,299,389,688,15,65,28,1,2,41,31,234,27,99.1,1,0,22,4,1,1,100.0,0,0,0.0,0,0,0.0,1,1,100.0,0,0,0.0,0,0,0.0,32,170,49,3,1,34,19,219,25,76.5,0,0,2,25,4,4,100.0,0,0,0.0,0,0,0.0,0,0,0.0,0,0,0.0,0,0,0.0,Partly Cloudy,0,0,No Data,69.64,69.64,0.56,4.61,6.06,0.5,1,10,False
46004,4,2018-09-30,4:25PM,Dignity Health Sports Park,LAC,SF,29,27,56,368,364,732,27,126,34,0,1,39,25,242,24,97.2,3,1,21,4,4,3,75.0,0,0,0.0,2,2,100.0,0,0,0.0,1,1,100.0,1,0,0.0,21,76,12,0,2,37,23,288,82,82.9,2,2,5,23,2,2,100.0,0,0,0.0,0,0,0.0,0,0,0.0,0,0,0.0,0,0,0.0,Partly Cloudy,0,0,No Data,82.08,82.08,0.39,4.96,8.32,0.31,6,10,False
46005,4,2018-09-30,8:20PM,Heinz Field,PIT,BAL,14,26,40,284,451,735,11,19,4,0,1,47,27,265,38,72.5,1,1,14,5,2,2,100.0,0,0,0.0,0,0,0.0,2,2,100.0,0,0,0.0,0,0,0.0,30,96,11,0,1,42,28,355,71,109.5,2,0,4,24,4,4,100.0,0,0,0.0,0,0,0.0,0,0,0.0,0,0,0.0,0,0,0.0,Clear,0,0,No Data,66.08,66.08,0.74,0,0,0.06,0,10,False
46006,4,2018-10-01,8:15PM,Broncos Stadium at Mile High,DEN,KC,23,27,50,385,446,831,22,159,19,2,0,33,21,226,42,73.4,0,1,21,3,3,3,100.0,0,0,0.0,0,0,0.0,1,1,100.0,2,2,100.0,0,0,0.0,26,142,45,2,1,45,28,304,35,89.5,1,0,4,25,2,2,100.0,0,0,0.0,0,0,0.0,0,0,0.0,0,0,0.0,0,0,0.0,Mostly Cloudy,0,0,No Data,65.36,65.36,0.47,2.37,6.5,0.8,0,3.56,False
46007,5,2018-10-04,8:20PM,Gillette Stadium,NE,IND,38,24,62,438,439,877,23,97,34,2,0,44,34,341,34,102.6,3,2,26,4,1,1,100.0,0,0,0.0,0,0,0.0,0,0,0.0,1,1,100.0,0,0,0.0,21,84,16,0,1,59,38,355,28,84.4,3,2,3,26,2,1,50.0,0,0,0.0,0,0,0.0,0,0,0.0,0,0,0.0,1,1,100.0,Mostly Cloudy,0,0,No Data,66.88,67.52,0.9,3.03,4.68,0.74,0,10,False
46008,5,2018-10-07,1:00PM,Heinz Field,PIT,ATL,41,17,58,381,328,709,29,131,30,2,1,29,19,250,47,112.7,3,1,22,3,0,0,0.0,0,0,0.0,0,0,0.0,0,0,0.0,0,0,0.0,0,0,0.0,19,62,20,1,1,45,31,266,43,95.1,1,0,3,22,1,1,100.0,0,0,0.0,0,0,0.0,0,0,0.0,0,0,0.0,0,0,0.0,Partly Cloudy,0,0,No Data,82.46,86.5,0.67,6.02,6.1,0.3,5,10,False
46009,5,2018-10-07,1:00PM,FirstEnergy Stadium,CLE,BAL,12,9,21,416,410,826,28,112,17,0,1,43,25,304,39,81.7,1,1,20,9,3,2,66.7,0,0,0.0,0,0,0.0,2,2,100.0,0,0,0.0,1,0,0.0,25,116,19,0,4,57,29,294,28,59.0,0,1,8,26,4,3,75.0,0,0,0.0,0,0,0.0,0,0,0.0,0,0,0.0,0,0,0.0,Foggy,0,0,No Data,70.05,71.12,0.93,2.21,3.63,1,3,0.65,False
46010,5,2018-10-07,1:00PM,MetLife Stadium,NYJ,DEN,34,16,50,512,436,948,38,323,77,1,1,22,10,189,76,98.1,3,1,19,3,3,2,66.7,0,0,0.0,0,0,0.0,2,1,50.0,1,1,100.0,0,0,0.0,17,92,29,0,2,51,35,344,42,95.0,2,1,8,26,1,1,100.0,0,0,0.0,0,0,0.0,0,0,0.0,0,0,0.0,0,0,0.0,Overcast,0,0,No Data,75.76,76.74,0.79,4.36,5.08,0.97,3,10,False
46011,5,2018-10-07,1:00PM,Ford Field,DET,GB,31,23,54,264,516,780,28,94,24,2,0,26,14,170,60,101.9,2,0,18,5,2,1,50.0,0,0,0.0,0,0,0.0,1,1,100.0,0,0,0.0,1,0,0.0,20,98,18,0,3,52,32,418,30,108.0,3,0,0,26,5,1,20.0,0,0,0.0,0,0,0.0,0,0,0.0,0,0,0.0,1,0,0.0,Overcast,0,0,No Data,60.76,60.76,0.84,7.59,8.1,1,3,9.42,True
46012,5,2018-10-07,1:00PM,Arrowhead Stadium,KC,JAX,30,14,44,424,504,928,30,126,24,2,0,38,22,298,40,62.7,0,2,26,2,3,3,100.0,0,0,0.0,1,1,100.0,1,1,100.0,1,1,100.0,0,0,0.0,17,101,21,1,1,61,33,403,38,54.7,1,4,3,29,0,0,0.0,0,0,0.0,0,0,0.0,0,0,0.0,0,0,0.0,0,0,0.0,Light Rain,0.0394,0.78,rain,58.09,58.14,0.97,2.97,3.95,1,3,6.8,False
46013,5,2018-10-07,1:00PM,Paul Brown Stadium,CIN,MIA,27,17,44,332,278,610,26,103,31,0,1,30,20,229,31,89.3,1,1,18,4,3,2,66.7,0,0,0.0,1,1,100.0,1,0,0.0,0,0,0.0,1,1,100.0,22,128,25,0,1,35,20,150,36,57.4,1,2,5,17,1,1,100.0,0,0,0.0,0,0,0.0,0,0,0.0,0,0,0.0,0,0,0.0,Clear,0,0,No Data,86.17,89.06,0.53,2.67,3.88,0,5,6.2,False
46014,5,2018-10-07,1:00PM,Bank of America Stadium,CAR,NYG,33,31,64,350,432,782,31,118,18,0,1,35,21,232,27,75.5,2,2,20,3,4,4,100.0,0,0,0.0,0,0,0.0,1,1,100.0,2,2,100.0,1,1,100.0,16,50,30,0,1,37,23,382,57,101.5,3,2,2,18,3,3,100.0,0,0,0.0,0,0,0.0,0,0,0.0,0,0,0.0,1,1,100.0,Overcast,0,0,No Data,80.02,83.64,0.75,1.04,1.96,1,4,8.42,False
46015,5,2018-10-07,1:00PM,New Era Field,BUF,TEN,13,12,25,223,222,445,43,144,16,1,0,20,10,79,13,40.0,0,1,17,3,2,2,100.0,0,0,0.0,0,0,0.0,0,0,0.0,2,2,100.0,0,0,0.0,25,100,15,0,3,26,14,122,23,51.6,0,1,2,15,4,4,100.0,0,0,0.0,0,0,0.0,0,0,0.0,0,0,0.0,2,2,100.0,Overcast,0,0,No Data,59.94,59.94,0.91,9.35,9.8,1,3,4.03,False
46016,5,2018-10-07,4:05PM,Dignity Health Sports Park,LAC,OAK,26,10,36,412,289,701,31,79,16,1,0,27,22,333,48,143.4,2,0,19,3,3,2,66.7,0,0,0.0,0,0,0.0,1,1,100.0,2,1,50.0,0,0,0.0,13,41,8,0,1,33,24,248,47,94.0,1,1,4,14,2,1,50.0,0,0,0.0,0,0,0.0,0,0,0.0,0,0,0.0,1,0,0.0,Clear,0,0,No Data,74.13,74.13,0.58,5.62,8.62,0.21,6,10,False
46017,5,2018-10-07,4:25PM,Levi's Stadium,SF,ARI,18,28,46,434,220,654,34,147,17,1,4,54,34,287,45,78.4,2,2,34,4,1,0,0.0,0,0,0.0,0,0,0.0,0,0,0.0,1,0,0.0,0,0,0.0,23,56,10,2,1,25,10,164,75,77.1,1,0,8,10,0,0,0.0,0,0,0.0,0,0,0.0,0,0,0.0,0,0,0.0,0,0,0.0,Clear,0,0,No Data,76.75,76.75,0.2,9.11,17.79,0.1,5,10,False
46018,5,2018-10-07,4:25PM,CenturyLink Field,SEA,LA,31,33,64,373,468,841,32,190,37,1,0,21,13,183,44,132.5,3,0,23,4,1,1,100.0,0,0,0.0,0,0,0.0,0,0,0.0,0,0,0.0,1,1,100.0,30,155,56,3,3,32,23,313,48,88.2,1,2,1,37,2,2,100.0,0,0,0.0,0,0,0.0,0,0,0.0,0,0,0.0,0,0,0.0,Overcast,0.0018,0.25,rain,54.48,54.48,0.8,3.31,3.97,1,2,5.02,False
46019,5,2018-10-07,4:25PM,Lincoln Financial Field,PHI,MIN,21,23,44,297,346,643,17,81,13,0,2,35,24,216,48,115.3,2,0,21,4,2,2,100.0,0,0,0.0,1,1,100.0,1,1,100.0,0,0,0.0,0,0,0.0,20,48,12,0,2,37,30,298,68,109.6,1,0,2,18,5,3,60.0,0,0,0.0,0,0,0.0,0,0,0.0,0,0,0.0,1,1,100.0,Mostly Cloudy,0,0,No Data,78.64,79.88,0.78,3.05,4.36,0.73,1,10,False
46020,5,2018-10-07,8:20PM,NRG Stadium,HOU,DAL,19,16,35,478,292,770,30,88,17,0,1,44,33,390,49,99.7,1,1,25,3,5,4,80.0,1,1,100.0,2,2,100.0,1,1,100.0,1,0,0.0,0,0,0.0,29,98,14,0,0,29,18,194,44,66.4,1,2,5,14,3,3,100.0,0,0,0.0,0,0,0.0,0,0,0.0,0,0,0.0,0,0,0.0,Humid and Partly Cloudy,0,0,No Data,81.41,86.42,0.75,6.46,6.74,0.5,0,10,True
46021,5,2018-10-08,8:15PM,Mercedes-Benz Superdome,NO,WAS,43,19,62,447,283,730,32,98,9,3,2,29,26,349,62,153.2,3,0,27,0,1,1,100.0,0,0,0.0,0,0,0.0,0,0,0.0,1,1,100.0,0,0,0.0,18,39,11,2,1,39,23,244,42,69.9,0,1,3,18,2,2,100.0,0,0,0.0,0,0,0.0,0,0,0.0,0,0,0.0,1,1,100.0,Light Rain,0.0357,0.57,rain,77.37,78.83,0.85,5.12,7.06,1,0,7.86,True
46022,6,2018-10-11,8:20PM,MetLife Stadium,NYG,PHI,13,34,47,401,371,772,17,147,50,1,2,43,24,254,55,66.1,0,1,17,5,3,2,66.7,0,0,0.0,1,1,100.0,1,1,100.0,0,0,0.0,1,0,0.0,32,103,14,1,3,36,26,268,58,121.9,3,0,5,23,3,2,66.7,0,0,0.0,0,0,0.0,0,0,0.0,0,0,0.0,1,0,0.0,Light Rain,0.0216,0.76,rain,70.07,71.31,0.96,2,2.94,0.87,0,8.17,False
46023,6,2018-10-14,1:00PM,US Bank Stadium,MIN,ARI,27,17,44,368,269,637,32,195,34,2,1,34,24,173,17,87.0,1,1,20,5,2,2,100.0,0,0,0.0,0,0,0.0,1,1,100.0,1,1,100.0,0,0,0.0,20,61,10,1,1,31,21,208,40,77.4,0,1,6,15,1,1,100.0,0,0,0.0,0,0,0.0,0,0,0.0,0,0,0.0,0,0,0.0,Clear,No Data,No Data,snow,33.3,27.03,0.9,7.04,No Data,No Data,No Data,No Data,True
46024,6,2018-10-14,1:00PM,FedEx Field,WAS,CAR,23,17,40,288,350,638,28,132,19,0,1,36,21,156,22,88.1,2,0,18,4,3,3,100.0,0,0,0.0,1,1,100.0,0,0,0.0,1,1,100.0,1,1,100.0,18,81,18,0,3,40,27,269,25,93.2,2,1,3,22,1,1,100.0,0,0,0.0,0,0,0.0,0,0,0.0,0,0,0.0,0,0,0.0,Clear,No Data,No Data,rain,54.15,54.15,0.78,0.21,No Data,No Data,No Data,No Data,False
46025,6,2018-10-14,1:00PM,Hard Rock Stadium,MIA,CHI,31,28,59,541,467,1008,31,161,32,0,1,44,28,380,75,94.9,3,2,24,4,3,3,100.0,0,0,0.0,1,1,100.0,0,0,0.0,1,1,100.0,1,1,100.0,31,164,28,1,2,31,22,303,54,122.5,3,1,2,23,1,0,0.0,0,0,0.0,0,0,0.0,0,0,0.0,0,0,0.0,1,0,0.0,Humid,No Data,No Data,rain,88.15,98.47,0.66,7.5,No Data,No Data,No Data,No Data,False
46026,6,2018-10-14,1:00PM,MetLife Stadium,NYJ,IND,42,34,76,371,435,806,35,104,21,0,3,30,24,267,32,113.9,2,1,19,1,7,7,100.0,0,0,0.0,0,0,0.0,4,4,100.0,3,3,100.0,0,0,0.0,23,127,25,0,1,43,23,308,34,78.4,4,3,2,23,2,2,100.0,0,0,0.0,0,0,0.0,0,0,0.0,0,0,0.0,0,0,0.0,Clear,No Data,No Data,rain,57.13,57.13,0.55,5.02,No Data,No Data,No Data,No Data,False
46027,6,2018-10-14,1:00PM,Wembley Stadium,OAK,SEA,3,27,30,186,361,547,19,79,15,0,3,31,23,107,28,83.0,0,0,15,3,2,1,50.0,0,0,0.0,0,0,0.0,0,0,0.0,2,1,50.0,0,0,0.0,38,147,21,0,1,23,17,214,42,125.4,3,1,2,18,2,2,100.0,0,0,0.0,0,0,0.0,0,0,0.0,0,0,0.0,0,0,0.0,Clear,No Data,No Data,rain,50.83,50.83,0.93,No Data,No Data,No Data,No Data,No Data,False
46028,6,2018-10-14,1:00PM,NRG Stadium,HOU,BUF,20,13,33,214,229,443,24,74,17,0,3,26,15,140,28,59.3,1,2,15,5,2,2,100.0,0,0,0.0,1,1,100.0,1,1,100.0,0,0,0.0,0,0,0.0,27,100,14,0,1,29,16,129,44,51.6,1,2,5,13,2,2,100.0,0,0,0.0,0,0,0.0,0,0,0.0,0,0,0.0,1,1,100.0,Clear,No Data,No Data,rain,87.08,93.17,0.6,9.44,No Data,No Data,No Data,No Data,True
46029,6,2018-10-14,1:00PM,FirstEnergy Stadium,CLE,LAC,14,38,52,317,439,756,21,103,23,0,0,46,22,214,32,52.6,1,2,20,6,2,2,100.0,0,0,0.0,1,1,100.0,1,1,100.0,0,0,0.0,0,0,0.0,36,236,20,3,1,21,12,203,45,104.3,2,1,5,24,1,1,100.0,0,0,0.0,0,0,0.0,0,0,0.0,0,0,0.0,0,0,0.0,Clear,No Data,No Data,rain,55.29,55.29,0.55,1.24,No Data,No Data,No Data,No Data,False
46030,6,2018-10-14,1:00PM,Paul Brown Stadium,CIN,PIT,21,28,49,275,481,756,13,62,17,1,0,42,26,213,23,92.3,2,0,19,6,0,0,0.0,0,0,0.0,0,0,0.0,0,0,0.0,0,0,0.0,0,0,0.0,21,112,26,2,1,46,32,369,48,100.7,1,0,4,25,2,2,100.0,0,0,0.0,0,0,0.0,0,0,0.0,0,0,0.0,0,0,0.0,Clear,No Data,No Data,rain,51.89,51.89,0.89,2.62,No Data,No Data,No Data,No Data,False
46031,6,2018-10-14,1:00PM,Mercedes-Benz Stadium,ATL,TB,34,29,63,416,515,931,22,70,15,1,2,41,31,346,35,125.5,3,0,27,4,2,2,100.0,0,0,0.0,0,0,0.0,0,0,0.0,1,1,100.0,1,1,100.0,21,126,28,0,2,41,30,389,51,115.4,4,2,2,30,1,1,100.0,0,0,0.0,0,0,0.0,0,0,0.0,0,0,0.0,0,0,0.0,Clear,No Data,No Data,rain,73.52,73.52,0.57,3.63,No Data,No Data,No Data,No Data,True
46032,6,2018-10-14,4:05PM,Broncos Stadium at Mile High,DEN,LA,20,23,43,348,444,792,18,51,9,0,1,41,25,297,45,91.7,2,1,22,4,2,2,100.0,0,0,0.0,2,2,100.0,0,0,0.0,0,0,0.0,0,0,0.0,39,270,29,2,0,28,14,174,44,58.8,0,1,3,24,4,3,75.0,0,0,0.0,0,0,0.0,0,0,0.0,0,0,0.0,0,0,0.0,Overcast,0.0009,0.04,snow,24.95,24.95,0.7,2.08,6.48,0.99,3,2.27,False
46033,6,2018-10-14,4:25PM,Nissan Stadium,TEN,BAL,0,21,21,106,361,467,14,55,21,0,1,15,10,51,24,90.1,0,0,7,9,0,0,0.0,0,0,0.0,0,0,0.0,0,0,0.0,0,0,0.0,0,0,0.0,35,123,22,2,0,37,25,238,27,82.9,1,1,4,23,0,0,0.0,0,0,0.0,0,0,0.0,0,0,0.0,0,0,0.0,0,0,0.0,Light Rain,0.0211,0.79,rain,66.02,66.61,0.91,3.33,4.4,1,2,6.28,False
46034,6,2018-10-14,4:25PM,AT&T Stadium,DAL,JAX,40,7,47,378,196,574,42,206,28,2,2,27,17,172,27,107.5,2,0,23,3,4,4,100.0,0,0,0.0,0,0,0.0,1,1,100.0,1,1,100.0,2,2,100.0,18,65,12,0,1,26,15,131,34,69.6,1,1,6,10,0,0,0.0,0,0,0.0,0,0,0.0,0,0,0.0,0,0,0.0,0,0,0.0,Mostly Cloudy,0,0,No Data,78.24,79.23,0.74,4.76,6.01,0.66,3,10,True
46035,6,2018-10-14,8:20PM,Gillette Stadium,NE,KC,43,40,83,498,446,944,38,173,15,3,2,35,24,325,42,109.2,1,0,31,0,5,5,100.0,0,0,0.0,2,2,100.0,1,1,100.0,1,1,100.0,1,1,100.0,17,94,31,0,0,36,23,352,75,110.0,4,2,1,18,4,4,100.0,0,0,0.0,0,0,0.0,0,0,0.0,0,0,0.0,0,0,0.0,Clear,0,0,No Data,45.06,45.06,No Data,2.07,2.3,0,0,9.83,False
46036,6,2018-10-15,8:15PM,Lambeau Field,GB,SF,33,30,63,502,401,903,21,116,21,1,0,45,24,386,60,98.9,2,0,25,4,4,4,100.0,0,0,0.0,2,2,100.0,1,1,100.0,0,0,0.0,1,1,100.0,30,174,26,1,2,23,16,227,67,115.3,2,1,3,18,3,3,100.0,0,0,0.0,0,0,0.0,0,0,0.0,0,0,0.0,0,0,0.0,Partly Cloudy,0,0,No Data,35.56,31.29,0.74,4.96,4.96,0.3,0,10,False
46037,7,2018-10-18,8:20PM,State Farm Stadium,ARI,DEN,10,45,55,219,309,528,21,69,14,0,3,39,21,150,27,44.2,1,3,14,6,1,1,100.0,0,0,0.0,0,0,0.0,0,0,0.0,1,1,100.0,0,0,0.0,31,131,28,2,0,22,15,178,64,106.1,2,1,6,16,1,1,100.0,0,0,0.0,0,0,0.0,0,0,0.0,0,0,0.0,0,0,0.0,Clear,0,0,No Data,79.39,79.39,0.28,1.36,4.39,0.04,0,10,True
46038,7,2018-10-21,9:30AM,Wembley Stadium,LAC,TEN,20,19,39,344,390,734,16,47,11,0,0,26,19,297,75,137.7,2,0,14,3,2,2,100.0,0,0,0.0,2,2,100.0,0,0,0.0,0,0,0.0,0,0,0.0,33,164,36,1,0,32,24,226,21,92.8,1,1,2,23,3,2,66.7,0,0,0.0,0,0,0.0,0,0,0.0,0,0,0.0,1,0,0.0,Clear,No Data,No Data,rain,64.88,64.88,0.61,7.96,No Data,No Data,No Data,6.22,False
46039,7,2018-10-21,1:00PM,Lucas Oil Stadium,IND,BUF,37,5,42,376,273,649,37,220,23,1,1,23,17,156,29,131.5,4,0,23,4,1,1,100.0,0,0,0.0,0,0,0.0,1,1,100.0,0,0,0.0,0,0,0.0,22,135,30,0,2,31,20,138,32,41.5,0,3,4,16,1,1,100.0,0,0,0.0,0,0,0.0,0,0,0.0,0,0,0.0,0,0,0.0,Clear,0,0,No Data,45.52,44.05,0.46,3.58,4.5,0,4,10,True
46040,7,2018-10-21,1:00PM,Lincoln Financial Field,PHI,CAR,17,21,38,389,357,746,24,58,10,0,3,37,30,331,51,124.6,2,0,22,3,2,1,50.0,0,0,0.0,0,0,0.0,1,0,0.0,1,1,100.0,0,0,0.0,16,107,34,1,0,39,25,250,35,101.3,2,0,5,18,0,0,0.0,0,0,0.0,0,0,0.0,0,0,0.0,0,0,0.0,0,0,0.0,Mostly Cloudy,0,0,No Data,47.75,43.61,0.48,9.03,15.94,0.75,3,10,False
46042,7,2018-10-21,1:00PM,Raymond James Stadium,TB,CLE,26,23,49,450,308,758,32,113,14,3,3,52,32,337,29,67.2,0,2,32,4,3,2,66.7,0,0,0.0,0,0,0.0,1,1,100.0,1,0,0.0,1,1,100.0,22,112,35,1,2,34,23,196,23,105.6,2,0,9,17,0,0,0.0,0,0,0.0,0,0,0.0,0,0,0.0,0,0,0.0,0,0,0.0,Clear,0,0,No Data,80.18,82.63,0.65,5.52,6.61,0.12,6,10,False
46043,7,2018-10-21,1:00PM,Hard Rock Stadium,MIA,DET,21,32,53,322,457,779,19,107,54,1,0,31,22,215,27,114.8,2,0,19,4,1,0,0.0,0,0,0.0,0,0,0.0,0,0,0.0,1,0,0.0,0,0,0.0,35,248,71,1,1,22,18,209,29,138.1,2,0,1,24,4,4,100.0,0,0,0.0,0,0,0.0,0,0,0.0,0,0,0.0,1,1,100.0,Partly Cloudy,0,0,No Data,88.1,91.13,0.5,5.69,6.89,0.28,6,10,False
46044,7,2018-10-21,1:00PM,TIAA Bank Field,JAX,HOU,7,20,27,265,267,532,22,70,10,0,3,42,27,195,24,75.8,1,1,18,6,0,0,0.0,0,0,0.0,0,0,0.0,0,0,0.0,0,0,0.0,0,0,0.0,38,136,16,1,2,24,12,131,31,81.8,1,0,6,15,2,2,100.0,0,0,0.0,0,0,0.0,0,0,0.0,0,0,0.0,0,0,0.0,Partly Cloudy,0,0,No Data,70.77,70.77,0.52,13.02,15.12,0.32,5,9.8,False
46045,7,2018-10-21,1:00PM,MetLife Stadium,NYJ,MIN,17,37,54,263,316,579,24,71,11,1,4,42,17,192,35,34.4,1,3,16,7,1,1,100.0,0,0,0.0,0,0,0.0,0,0,0.0,0,0,0.0,1,1,100.0,24,88,38,2,1,40,25,228,34,95.9,2,0,8,15,4,3,75.0,0,0,0.0,0,0,0.0,0,0,0.0,0,0,0.0,0,0,0.0,Overcast,0,0,No Data,46.35,40.89,0.49,11.83,18.07,0.95,3,10,False
46046,7,2018-10-21,1:00PM,Soldier Field,CHI,NE,31,38,69,453,383,836,25,134,39,2,0,50,26,319,54,69.8,2,2,29,4,1,1,100.0,0,0,0.0,0,0,0.0,0,0,0.0,1,1,100.0,0,0,0.0,27,110,18,0,3,36,25,273,55,108.2,3,1,4,21,1,1,100.0,0,0,0.0,0,0,0.0,0,0,0.0,0,0,0.0,0,0,0.0,Clear,0,0,No Data,43.61,39.51,0.42,6.96,10.29,0.09,3,10,False
46047,7,2018-10-21,4:05PM,M&T Bank Stadium,BAL,NO,23,24,47,351,339,690,23,77,13,1,0,40,24,274,56,98.3,2,0,25,3,1,1,100.0,0,0,0.0,0,0,0.0,1,1,100.0,0,0,0.0,0,0,0.0,39,134,12,1,2,30,22,205,32,114.9,2,0,2,26,1,1,100.0,0,0,0.0,0,0,0.0,0,0,0.0,0,0,0.0,0,0,0.0,Partly Cloudy,0,0,No Data,52.46,52.46,0.41,12.15,21.9,0.4,1,10,False
46048,7,2018-10-21,4:25PM,FedEx Field,WAS,DAL,20,17,37,305,323,628,32,130,23,0,1,25,14,175,27,91.8,1,0,15,6,2,2,100.0,0,0,0.0,2,2,100.0,0,0,0.0,0,0,0.0,0,0,0.0,22,73,22,1,3,35,22,250,49,96.5,1,0,5,17,2,1,50.0,0,0,0.0,0,0,0.0,0,0,0.0,0,0,0.0,1,0,0.0,Partly Cloudy,0,0,No Data,51.82,51.82,0.43,11.17,18.4,0.49,1,8.52,False
46049,7,2018-10-21,4:25PM,Levi's Stadium,SF,LA,10,39,49,215,326,541,23,96,16,0,3,27,15,119,35,56.1,1,2,15,4,1,1,100.0,0,0,0.0,0,0,0.0,0,0,0.0,0,0,0.0,1,1,100.0,35,141,18,2,1,24,18,185,32,127.4,2,0,3,20,3,3,100.0,0,0,0.0,0,0,0.0,0,0,0.0,0,0,0.0,0,0,0.0,Partly Cloudy,0,0,No Data,71.12,71.12,0.45,2.28,6.49,0.26,4,9.02,False
46041,7,2018-10-21,8:20PM,Arrowhead Stadium,KC,CIN,45,10,55,509,235,744,29,156,34,1,2,39,28,353,50,123.7,4,1,31,0,2,1,50.0,0,0,0.0,1,1,100.0,0,0,0.0,0,0,0.0,1,0,0.0,19,61,20,0,2,33,19,174,31,71.2,1,1,5,15,1,1,100.0,0,0,0.0,0,0,0.0,0,0,0.0,0,0,0.0,0,0,0.0,Clear,0,0,No Data,58.57,58.57,0.48,6.58,6.58,0,0,10,False
46050,7,2018-10-22,8:15PM,Mercedes-Benz Stadium,ATL,NYG,23,20,43,429,409,838,20,67,30,1,1,39,31,362,47,116.4,1,0,22,3,3,3,100.0,0,0,0.0,0,0,0.0,0,0,0.0,1,1,100.0,2,2,100.0,20,37,15,1,1,38,27,372,58,113.8,1,0,3,20,2,2,100.0,0,0,0.0,0,0,0.0,0,0,0.0,0,0,0.0,0,0,0.0,Partly Cloudy,0,0,No Data,54.52,54.52,0.66,1.04,4.73,0.29,0,3.91,True
46051,8,2018-10-25,8:20PM,NRG Stadium,HOU,MIA,42,23,65,427,370,797,35,188,58,1,0,20,16,239,73,156.0,5,0,17,5,0,0,0.0,0,0,0.0,0,0,0.0,0,0,0.0,0,0,0.0,0,0,0.0,25,116,12,1,0,38,22,254,46,77.6,1,1,4,17,3,3,100.0,0,0,0.0,0,0,0.0,0,0,0.0,0,0,0.0,0,0,0.0,Overcast,0,0,No Data,65.71,65.71,0.71,6.68,6.77,0.98,0,10,True
46052,8,2018-10-28,9:30AM,Wembley Stadium,JAX,PHI,18,24,42,348,427,775,17,70,10,0,2,41,24,278,37,89.4,1,0,16,2,4,4,100.0,0,0,0.0,1,1,100.0,1,1,100.0,0,0,0.0,2,2,100.0,28,133,21,0,1,30,21,294,39,119.6,3,1,3,22,1,1,100.0,0,0,0.0,0,0,0.0,0,0,0.0,0,0,0.0,0,0,0.0,Partly Cloudy,No Data,No Data,rain,48.91,43.73,0.63,13.13,24.17,0.52,1,6.22,False
46053,8,2018-10-28,1:00PM,Bank of America Stadium,CAR,BAL,36,21,57,386,330,716,33,154,12,2,1,30,22,232,33,117.6,2,0,21,3,3,3,100.0,0,0,0.0,0,0,0.0,1,1,100.0,1,1,100.0,1,1,100.0,18,106,17,1,1,44,26,224,26,70.1,2,2,3,21,0,0,0.0,0,0,0.0,0,0,0.0,0,0,0.0,0,0,0.0,0,0,0.0,Clear,0,0,No Data,61.71,61.71,0.47,6.97,7.11,0,5,10,False
46054,8,2018-10-28,1:00PM,Heinz Field,PIT,CLE,33,18,51,428,237,665,32,168,30,2,3,36,24,260,43,95.1,2,1,24,4,1,1,100.0,0,0,0.0,0,0,0.0,0,0,0.0,1,1,100.0,0,0,0.0,21,74,20,0,0,36,22,163,31,80.8,2,1,5,16,3,2,66.7,0,0,0.0,0,0,0.0,0,0,0.0,0,0,0.0,0,0,0.0,Overcast,0,0,No Data,48.18,44.6,0.71,7.87,7.9,1,3,10,False
46055,8,2018-10-28,1:00PM,Arrowhead Stadium,KC,DEN,30,23,53,335,423,758,17,44,11,0,0,34,24,291,40,125.0,4,1,20,5,1,1,100.0,0,0,0.0,1,1,100.0,0,0,0.0,0,0,0.0,0,0,0.0,30,189,26,1,2,34,23,234,49,99.4,2,1,4,23,2,1,50.0,0,0,0.0,0,0,0.0,0,0,0.0,0,0,0.0,1,0,0.0,Clear,0,0,No Data,60.78,60.78,0.41,8.21,8.29,0,3,10,False
46056,8,2018-10-28,1:00PM,Soldier Field,CHI,NYJ,24,10,34,382,206,588,33,166,24,1,0,29,16,216,70,102.7,2,0,20,5,2,1,50.0,0,0,0.0,0,0,0.0,1,1,100.0,1,0,0.0,0,0,0.0,24,56,13,0,1,29,14,150,29,75.8,1,0,8,12,1,1,100.0,0,0,0.0,0,0,0.0,0,0,0.0,0,0,0.0,0,0,0.0,Overcast,0,0,No Data,48.07,43.27,0.78,11.12,19.53,1,2,10,False
46057,8,2018-10-28,1:00PM,Ford Field,DET,SEA,14,28,42,325,413,738,13,34,7,0,2,40,27,291,39,96.9,2,1,21,4,0,0,0.0,0,0,0.0,0,0,0.0,0,0,0.0,0,0,0.0,0,0,0.0,42,176,12,1,0,17,14,237,45,158.3,3,0,4,20,0,0,0.0,0,0,0.0,0,0,0.0,0,0,0.0,0,0,0.0,0,0,0.0,Light Rain,0.0115,0.85,rain,43.89,38.74,0.87,9.3,9.94,1,2,6.46,True
46058,8,2018-10-28,1:00PM,Paul Brown Stadium,CIN,TB,37,34,71,402,564,966,27,138,43,2,0,34,21,264,33,107.5,2,0,24,6,1,1,100.0,0,0,0.0,0,0,0.0,0,0,0.0,1,1,100.0,0,0,0.0,26,114,18,1,1,50,29,450,72,76.2,3,4,3,29,2,2,100.0,0,0,0.0,0,0,0.0,0,0,0.0,0,0,0.0,0,0,0.0,Overcast,0,0,No Data,56.92,56.92,0.7,7.91,10.1,0.99,3,6.49,False
46059,8,2018-10-28,1:00PM,MetLife Stadium,NYG,WAS,13,20,33,303,360,663,14,37,9,0,0,47,30,266,44,72.6,1,2,18,5,2,2,100.0,0,0,0.0,1,1,100.0,1,1,100.0,0,0,0.0,0,0,0.0,33,182,64,1,1,32,20,178,25,87.8,1,0,5,20,3,2,66.7,0,0,0.0,0,0,0.0,0,0,0.0,0,0,0.0,1,1,100.0,Mostly Cloudy,0,0,No Data,50.21,50.21,0.73,7.39,7.95,0.93,2,10,False
46060,8,2018-10-28,4:05PM,Oakland-Alameda County Coliseum,OAK,IND,28,42,70,356,461,817,19,103,29,1,1,28,21,253,31,138.0,3,0,22,2,0,0,0.0,0,0,0.0,0,0,0.0,0,0,0.0,0,0,0.0,0,0,0.0,40,222,49,2,0,31,22,239,34,125.6,3,0,1,29,2,2,100.0,0,0,0.0,0,0,0.0,0,0,0.0,0,0,0.0,0,0,0.0,Partly Cloudy,0,0,No Data,69.45,69.45,0.65,5.32,10.45,0.42,3,10,False
46061,8,2018-10-28,4:25PM,Los Angeles Memorial Coliseum,LA,GB,29,27,56,416,328,744,34,135,23,0,0,36,20,281,32,111.7,3,0,23,7,2,2,100.0,0,0,0.0,0,0,0.0,1,1,100.0,1,1,100.0,0,0,0.0,19,106,33,2,1,28,16,222,48,99.6,1,0,5,15,2,2,100.0,0,0,0.0,0,0,0.0,0,0,0.0,0,0,0.0,1,1,100.0,Partly Cloudy,0,0,No Data,81.18,81.18,0.32,3.58,7.41,0.3,4,5.53,False
46062,8,2018-10-28,4:25PM,State Farm Stadium,ARI,SF,18,15,33,321,251,572,21,88,13,0,1,40,23,233,37,82.5,2,1,20,5,1,1,100.0,0,0,0.0,0,0,0.0,1,1,100.0,0,0,0.0,0,0,0.0,32,91,26,0,1,28,14,160,55,83.9,1,0,7,16,2,2,100.0,0,0,0.0,0,0,0.0,0,0,0.0,0,0,0.0,0,0,0.0,Clear,0,0,No Data,86.72,86.72,0.22,1.14,4.11,0.24,4,10,True
46063,8,2018-10-28,8:20PM,US Bank Stadium,MIN,NO,20,30,50,423,270,693,22,85,15,1,2,41,31,338,31,107.7,2,1,27,2,0,0,0.0,0,0,0.0,0,0,0.0,0,0,0.0,0,0,0.0,0,0,0.0,29,106,17,1,0,24,19,164,44,91.7,1,1,2,17,3,3,100.0,0,0,0.0,0,0,0.0,0,0,0.0,0,0,0.0,1,1,100.0,Mostly Cloudy,0,0,No Data,48.21,44.43,0.62,8.38,9.85,0.78,0,10,True
46064,8,2018-10-29,8:15PM,New Era Field,BUF,NE,6,25,31,317,391,708,21,32,13,0,3,41,24,285,40,72.5,0,1,16,3,2,2,100.0,0,0,0.0,0,0,0.0,0,0,0.0,1,1,100.0,1,1,100.0,25,76,22,1,1,45,29,315,29,85.8,0,0,4,22,5,4,80.0,0,0,0.0,0,0,0.0,0,0,0.0,0,0,0.0,1,0,0.0,No Data,No Data,No Data,No Data,No Data,No Data,No Data,No Data,No Data,No Data,0,No Data,False
46065,9,2018-11-01,8:20PM,Levi's Stadium,SF,OAK,34,3,37,403,242,645,32,141,52,1,1,22,16,262,71,151.9,3,0,18,3,2,2,100.0,0,0,0.0,1,1,100.0,1,1,100.0,0,0,0.0,0,0,0.0,23,102,17,0,2,24,17,140,25,92.2,0,0,6,14,2,1,50.0,0,0,0.0,0,0,0.0,0,0,0.0,0,0,0.0,0,0,0.0,Partly Cloudy,0,0,No Data,80.74,80.74,0.3,3.14,8.44,0.31,0,10,False
46066,9,2018-11-04,1:00PM,New Era Field,BUF,CHI,9,41,50,264,190,454,28,98,24,1,1,50,31,166,26,44.4,0,3,22,5,1,1,100.0,0,0,0.0,0,0,0.0,0,0,0.0,1,1,100.0,0,0,0.0,25,64,18,2,2,20,12,126,26,76.0,1,1,5,11,2,2,100.0,0,0,0.0,0,0,0.0,0,0,0.0,0,0,0.0,0,0,0.0,Partly Cloudy,0,0,No Data,47.58,43.15,0.59,9.69,9.95,0.57,2,10,False
46067,9,2018-11-04,1:00PM,M&T Bank Stadium,BAL,PIT,16,23,39,265,395,660,16,61,9,1,1,38,24,204,30,78.6,0,0,18,4,3,3,100.0,0,0,0.0,2,2,100.0,1,1,100.0,0,0,0.0,0,0,0.0,27,113,25,1,0,48,29,282,51,91.7,2,0,4,27,1,1,100.0,0,0,0.0,0,0,0.0,0,0,0.0,0,0,0.0,0,0,0.0,Clear,0,0,No Data,55.35,55.35,0.47,2.84,5.74,0,3,10,False
46068,9,2018-11-04,1:00PM,FedEx Field,WAS,ATL,14,38,52,366,491,857,15,79,22,1,0,46,30,287,33,82.3,1,1,20,5,0,0,0.0,0,0,0.0,0,0,0.0,0,0,0.0,0,0,0.0,0,0,0.0,24,154,16,1,0,38,26,337,40,121.6,4,1,2,25,1,1,100.0,0,0,0.0,0,0,0.0,0,0,0.0,0,0,0.0,0,0,0.0,Clear,0,0,No Data,55.84,55.84,0.45,2.39,5.94,0,3,8.36,False
46069,9,2018-11-04,1:00PM,US Bank Stadium,MIN,DET,24,9,33,283,215,498,23,128,70,1,1,22,18,155,24,93.9,1,1,17,4,1,1,100.0,0,0,0.0,0,0,0.0,1,1,100.0,0,0,0.0,0,0,0.0,24,72,8,0,1,36,25,143,18,83.0,0,0,5,17,3,3,100.0,0,0,0.0,0,0,0.0,0,0,0.0,0,0,0.0,0,0,0.0,Drizzle,0.005,0.65,rain,36.66,30.5,0.92,8.04,8.4,1,2,8.21,True
46070,9,2018-11-04,1:00PM,FirstEnergy Stadium,CLE,KC,21,37,58,388,499,887,25,102,17,1,1,43,30,286,38,95.9,2,1,25,1,1,1,100.0,0,0,0.0,0,0,0.0,0,0,0.0,0,0,0.0,1,1,100.0,24,139,25,2,0,32,23,360,50,129.0,3,1,2,28,1,1,100.0,0,0,0.0,0,0,0.0,0,0,0.0,0,0,0.0,0,0,0.0,Clear,0,0,No Data,54.93,54.93,0.46,11.66,11.66,0.14,3,10,False
46071,9,2018-11-04,1:00PM,Hard Rock Stadium,MIA,NYJ,13,6,19,168,275,443,27,64,8,0,0,24,15,104,26,78.3,0,0,7,9,2,2,100.0,0,0,0.0,1,1,100.0,0,0,0.0,1,1,100.0,0,0,0.0,21,73,14,0,1,32,21,202,28,47.0,0,4,6,15,3,2,66.7,0,0,0.0,0,0,0.0,0,0,0.0,0,0,0.0,2,1,50.0,Humid and Partly Cloudy,0,0,No Data,86,93.02,0.65,14.33,14.71,0.53,5,10,False
46072,9,2018-11-04,1:00PM,Bank of America Stadium,CAR,TB,42,28,70,407,301,708,32,179,35,4,1,25,19,228,32,133.2,2,0,21,4,0,0,0.0,0,0,0.0,0,0,0.0,0,0,0.0,0,0,0.0,0,0,0.0,21,82,18,0,1,41,24,219,41,87.8,4,2,5,23,0,0,0.0,0,0,0.0,0,0,0.0,0,0,0.0,0,0,0.0,0,0,0.0,Mostly Cloudy,0,0,No Data,61.56,61.56,0.46,4.12,5.47,0.67,3,10,False
46073,9,2018-11-04,4:05PM,Broncos Stadium at Mile High,DEN,HOU,17,19,36,351,290,641,20,75,22,1,1,42,26,276,44,90.7,1,0,20,5,3,1,33.3,0,0,0.0,0,0,0.0,0,0,0.0,1,1,100.0,2,0,0.0,33,98,9,0,0,24,17,192,31,125.9,2,0,6,17,2,2,100.0,0,0,0.0,0,0,0.0,0,0,0.0,0,0,0.0,0,0,0.0,Mostly Cloudy,0,0,No Data,53.25,53.25,0.32,0.81,9.01,0.66,2,3.76,False
46074,9,2018-11-04,4:05PM,CenturyLink Field,SEA,LAC,17,25,42,356,375,731,33,154,16,0,1,39,26,202,42,89.2,2,1,26,6,2,1,50.0,0,0,0.0,0,0,0.0,0,0,0.0,1,1,100.0,1,0,0.0,22,160,34,1,1,26,13,215,54,105.9,2,0,6,17,1,0,0.0,0,0,0.0,0,0,0.0,0,0,0.0,0,0,0.0,0,0,0.0,Mostly Cloudy,0,0,No Data,59.25,59.25,0.68,4.6,6.63,0.6,1,5.2,False
46075,9,2018-11-04,4:25PM,Mercedes-Benz Superdome,NO,LA,45,35,80,487,483,970,34,141,17,2,1,36,25,346,72,137.0,4,0,30,2,1,1,100.0,0,0,0.0,0,0,0.0,0,0,0.0,0,0,0.0,1,1,100.0,19,92,24,1,0,40,28,391,48,115.7,3,1,1,23,3,2,66.7,0,0,0.0,0,0,0.0,0,0,0.0,0,0,0.0,2,1,50.0,Mostly Cloudy,0.0054,0.29,rain,75.05,75.86,0.77,4.98,7,0.82,1,6.78,True
46076,9,2018-11-04,8:20PM,Gillette Stadium,NE,GB,31,17,48,433,350,783,31,123,17,3,0,36,23,310,55,102.9,1,0,28,3,1,1,100.0,0,0,0.0,1,1,100.0,0,0,0.0,0,0,0.0,0,0,0.0,24,116,13,0,2,42,23,234,51,88.9,2,0,5,22,1,1,100.0,0,0,0.0,0,0,0.0,0,0,0.0,0,0,0.0,0,0,0.0,Clear,0,0,No Data,41.57,41.57,0.72,2.58,3.32,0,0,10,False
46077,9,2018-11-05,8:15PM,AT&T Stadium,DAL,TEN,14,28,42,297,340,637,19,72,17,0,1,32,21,225,37,96.2,2,1,18,3,1,0,0.0,0,0,0.0,0,0,0.0,1,0,0.0,0,0,0.0,0,0,0.0,36,125,13,2,2,29,21,215,37,119.9,2,0,1,24,1,0,0.0,0,0,0.0,0,0,0.0,0,0,0.0,0,0,0.0,0,0,0.0,Clear,0,0,No Data,70.85,70.85,0.57,3.61,4.74,0,0,10,True
46078,10,2018-11-08,8:20PM,Heinz Field,PIT,CAR,52,21,73,457,242,699,30,138,18,1,1,27,23,319,75,156.4,5,0,25,2,1,1,100.0,0,0,0.0,0,0,0.0,0,0,0.0,0,0,0.0,1,1,100.0,22,95,21,1,2,29,23,147,25,103.0,2,1,5,18,0,0,0.0,0,0,0.0,0,0,0.0,0,0,0.0,0,0,0.0,0,0,0.0,Clear,0,0,No Data,39.52,36.11,0.69,4.75,4.89,0,0,10,False
46079,10,2018-11-11,1:00PM,Arrowhead Stadium,KC,ARI,26,14,40,330,260,590,23,118,20,1,1,28,21,212,38,125.4,2,0,20,5,2,2,100.0,0,0,0.0,0,0,0.0,0,0,0.0,2,2,100.0,0,0,0.0,25,94,11,1,1,39,22,166,24,58.5,1,2,5,21,0,0,0.0,0,0,0.0,0,0,0.0,0,0,0.0,0,0,0.0,0,0,0.0,Clear,0,0,No Data,46.45,44.07,0.47,4.98,5.29,0,3,10,False
46080,10,2018-11-11,1:00PM,MetLife Stadium,NYJ,BUF,10,41,51,199,451,650,18,83,21,1,0,34,17,116,22,35.8,0,2,12,7,1,1,100.0,0,0,0.0,0,0,0.0,0,0,0.0,0,0,0.0,1,1,100.0,46,212,28,2,1,26,16,239,47,118.6,2,0,4,23,2,2,100.0,0,0,0.0,0,0,0.0,0,0,0.0,0,0,0.0,1,1,100.0,Clear,0,0,No Data,45.36,41.48,0.38,7.24,8.61,0.02,2,10,False
46081,10,2018-11-11,1:00PM,Lucas Oil Stadium,IND,JAX,29,26,55,366,415,781,23,81,53,1,0,29,21,285,53,123.5,3,1,16,3,1,0,0.0,0,0,0.0,0,0,0.0,0,0,0.0,0,0,0.0,1,0,0.0,34,91,13,1,1,39,27,324,80,111.5,2,0,3,24,3,2,66.7,0,0,0.0,0,0,0.0,0,0,0.0,0,0,0.0,2,1,50.0,Clear,0,0,No Data,40.52,35.77,0.4,7,7.11,0,3,10,True
46082,10,2018-11-11,1:00PM,Nissan Stadium,TEN,NE,34,10,44,391,284,675,36,150,20,2,2,25,17,241,29,127.9,2,0,24,5,2,2,100.0,0,0,0.0,0,0,0.0,2,2,100.0,0,0,0.0,0,0,0.0,19,40,9,1,0,43,23,244,44,72.5,0,0,6,16,2,1,50.0,0,0,0.0,0,0,0.0,0,0,0.0,0,0,0.0,2,1,50.0,Partly Cloudy,0,0,No Data,49.75,49.75,0.41,0.49,1.83,0.37,3,10,False
46083,10,2018-11-11,1:00PM,Raymond James Stadium,TB,WAS,3,16,19,501,286,787,24,103,14,0,4,40,28,398,29,81.9,0,2,29,1,3,1,33.3,0,0,0.0,0,0,0.0,2,1,50.0,1,0,0.0,0,0,0.0,25,116,18,0,0,27,19,170,40,100.5,1,0,5,15,3,3,100.0,0,0,0.0,0,0,0.0,0,0,0.0,0,0,0.0,0,0,0.0,Partly Cloudy,0,0,No Data,81.11,83.49,0.62,4.61,5.28,0.44,4,10,False
46084,10,2018-11-11,1:00PM,FirstEnergy Stadium,CLE,ATL,28,16,44,427,382,809,29,211,92,1,1,21,17,216,28,129.3,3,1,19,4,0,0,0.0,0,0,0.0,0,0,0.0,0,0,0.0,0,0,0.0,0,0,0.0,19,71,18,0,4,52,38,311,31,102.2,2,0,3,25,1,1,100.0,0,0,0.0,0,0,0.0,0,0,0.0,0,0,0.0,0,0,0.0,Partly Cloudy,0,0,No Data,40.16,38.25,0.52,3.25,5.92,0.34,2,3.01,False
46085,10,2018-11-11,1:00PM,Soldier Field,CHI,DET,34,22,56,402,305,707,22,54,9,2,0,30,23,348,55,148.6,3,0,19,3,2,0,0.0,0,0,0.0,0,0,0.0,1,0,0.0,1,0,0.0,0,0,0.0,24,76,12,1,3,42,25,229,44,74.9,2,2,4,25,1,1,100.0,0,0,0.0,0,0,0.0,0,0,0.0,0,0,0.0,1,1,100.0,Partly Cloudy,0.0008,0.05,rain,38.01,32.02,0.52,8.28,12.51,0.58,2,10,False
46087,10,2018-11-11,1:00PM,Paul Brown Stadium,CIN,NO,14,51,65,284,509,793,16,110,27,1,0,23,14,174,37,66.9,1,2,13,4,0,0,0.0,0,0,0.0,0,0,0.0,0,0,0.0,0,0,0.0,0,0,0.0,47,244,33,3,0,27,22,265,42,144.6,3,0,0,33,3,3,100.0,0,0,0.0,0,0,0.0,0,0,0.0,0,0,0.0,0,0,0.0,Partly Cloudy,0,0,No Data,42.03,42.03,0.4,2.09,4.08,0.53,2,5.91,False
46088,10,2018-11-11,4:05PM,Oakland-Alameda County Coliseum,OAK,LAC,6,20,26,317,335,652,22,114,42,0,1,37,24,203,31,83.5,0,0,16,3,2,2,100.0,0,0,0.0,0,0,0.0,1,1,100.0,1,1,100.0,0,0,0.0,26,113,15,0,0,26,18,222,66,105.1,2,1,4,16,2,2,100.0,0,0,0.0,0,0,0.0,0,0,0.0,0,0,0.0,0,0,0.0,Clear,0,0,No Data,67.32,67.32,0.13,8.76,18.48,0.17,3,6.75,False
46086,10,2018-11-11,4:25PM,Lambeau Field,GB,MIA,31,12,43,377,294,671,25,195,67,2,1,26,17,182,30,114.1,2,0,21,2,1,1,100.0,0,0,0.0,0,0,0.0,1,1,100.0,0,0,0.0,0,0,0.0,23,131,39,0,1,37,23,163,39,66.6,0,1,2,19,4,4,100.0,0,0,0.0,0,0,0.0,0,0,0.0,0,0,0.0,0,0,0.0,Overcast,0,0,No Data,32.56,27.23,0.64,5.58,5.85,0.98,0,10,False
46089,10,2018-11-11,4:25PM,Los Angeles Memorial Coliseum,LA,SEA,36,31,67,456,420,876,23,149,17,2,0,39,28,307,35,113.0,2,0,25,2,3,3,100.0,0,0,0.0,1,1,100.0,2,2,100.0,0,0,0.0,0,0,0.0,34,273,38,1,1,26,17,147,29,123.2,3,0,3,29,1,1,100.0,0,0,0.0,0,0,0.0,0,0,0.0,0,0,0.0,0,0,0.0,Clear,0,0,No Data,75.43,75.43,0.11,1.46,14.71,0,3,8.79,False
46090,10,2018-11-11,8:20PM,Lincoln Financial Field,PHI,DAL,20,27,47,410,387,797,16,71,29,0,0,44,32,339,51,101.4,2,1,23,2,2,2,100.0,0,0,0.0,1,1,100.0,0,0,0.0,0,0,0.0,1,1,100.0,28,148,35,2,2,36,26,239,25,102.8,1,0,4,23,3,2,66.7,0,0,0.0,0,0,0.0,0,0,0.0,0,0,0.0,0,0,0.0,Clear,0,0,No Data,35.41,35.41,0.73,1.06,1.45,0,0,10,False
46091,10,2018-11-12,8:15PM,Levi's Stadium,SF,NYG,23,27,50,374,277,651,29,124,23,1,0,39,27,250,26,73.7,1,2,24,3,3,3,100.0,0,0,0.0,0,0,0.0,2,2,100.0,0,0,0.0,1,1,100.0,23,97,8,0,0,31,19,180,31,110.7,3,0,5,17,2,2,100.0,0,0,0.0,0,0,0.0,0,0,0.0,0,0,0.0,0,0,0.0,Clear,0,0,No Data,65.42,65.42,0.22,0.89,4.25,0.01,0,3.03,False
46092,11,2018-11-15,8:20PM,CenturyLink Field,SEA,GB,27,24,51,378,359,737,35,173,30,1,2,19,21,205,34,151.1,2,0,23,4,2,2,100.0,0,0,0.0,0,0,0.0,1,1,100.0,1,1,100.0,0,0,0.0,13,48,18,1,0,29,20,311,57,130.2,2,0,6,14,2,1,50.0,0,0,0.0,0,0,0.0,0,0,0.0,0,0,0.0,0,0,0.0,Overcast,0,0,No Data,54.37,54.37,0.73,4.69,5.26,0.99,0,4.92,False
46093,11,2018-11-18,1:00PM,Ford Field,DET,CAR,20,19,39,309,387,696,26,94,24,1,0,37,23,215,36,87.7,1,0,20,6,2,2,100.0,0,0,0.0,0,0,0.0,1,1,100.0,0,0,0.0,1,1,100.0,16,56,10,0,0,38,25,331,82,111.4,3,1,5,20,1,0,0.0,0,0,0.0,0,0,0.0,0,0,0.0,0,0,0.0,0,0,0.0,Flurries,0.0034,0.33,snow,35.14,35.14,0.87,1.67,2.61,1,2,6.36,True
46094,11,2018-11-18,1:00PM,M&T Bank Stadium,BAL,CIN,24,21,45,403,255,658,54,265,21,2,1,19,13,138,23,70.1,0,1,23,4,3,3,100.0,0,0,0.0,2,2,100.0,0,0,0.0,0,0,0.0,1,1,100.0,16,48,20,1,0,37,19,207,32,86.7,2,0,6,15,1,0,0.0,0,0,0.0,0,0,0.0,0,0,0.0,0,0,0.0,1,0,0.0,Mostly Cloudy,0,0,No Data,48.08,45.85,0.59,5.19,6.75,0.63,2,10,False
46095,11,2018-11-18,1:00PM,Mercedes-Benz Stadium,ATL,DAL,19,22,41,354,323,677,18,80,17,0,0,34,24,274,34,94.1,1,1,19,2,4,4,100.0,0,0,0.0,1,1,100.0,0,0,0.0,2,2,100.0,1,1,100.0,29,132,23,2,1,32,22,191,34,86.5,0,0,3,20,3,3,100.0,0,0,0.0,0,0,0.0,0,0,0.0,0,0,0.0,1,1,100.0,Clear,0,0,No Data,62.02,62.02,0.5,0.48,6.08,0.12,3,3.85,True
46096,11,2018-11-18,1:00PM,FedEx Field,WAS,HOU,21,23,44,278,320,598,29,124,15,2,1,39,18,154,24,47.9,1,2,23,5,1,0,0.0,0,0,0.0,0,0,0.0,0,0,0.0,0,0,0.0,1,0,0.0,31,139,21,0,2,24,16,181,40,72.9,1,2,1,19,5,3,60.0,0,0,0.0,0,0,0.0,0,0,0.0,0,0,0.0,1,1,100.0,Partly Cloudy,0,0,No Data,49.17,47.15,0.6,5.14,8.53,0.42,2,9.81,False
46099,11,2018-11-18,1:00PM,MetLife Stadium,NYG,TB,38,35,73,359,510,869,31,163,23,2,2,18,17,196,54,155.8,2,0,19,4,1,1,100.0,0,0,0.0,0,0,0.0,0,0,0.0,0,0,0.0,1,1,100.0,30,151,28,2,1,37,25,359,55,78.0,2,4,1,31,0,0,0.0,0,0,0.0,0,0,0.0,0,0,0.0,0,0,0.0,0,0,0.0,Overcast,0,0,No Data,41.99,41.99,0.54,0.77,1.76,0.97,2,10,False
46100,11,2018-11-18,1:00PM,Lucas Oil Stadium,IND,TEN,38,10,48,397,263,660,28,102,18,2,2,32,24,295,68,134.2,3,0,26,3,1,1,100.0,0,0,0.0,1,1,100.0,0,0,0.0,0,0,0.0,0,0,0.0,25,87,16,0,1,29,21,176,28,74.4,1,2,6,16,1,1,100.0,0,0,0.0,0,0,0.0,0,0,0.0,0,0,0.0,0,0,0.0,Overcast,0,0,No Data,42.47,37.57,0.78,8.06,8.06,1,2,4.6,True
46103,11,2018-11-18,1:00PM,TIAA Bank Field,JAX,PIT,16,20,36,238,323,561,43,179,20,1,2,18,10,59,26,72.4,0,0,15,9,3,3,100.0,0,0,0.0,0,0,0.0,1,1,100.0,2,2,100.0,0,0,0.0,11,26,9,1,0,47,27,297,78,65.4,2,3,6,19,0,0,0.0,0,0,0.0,0,0,0.0,0,0,0.0,0,0,0.0,0,0,0.0,Partly Cloudy,0,0,No Data,74.1,74.24,0.65,5.69,6.78,0.55,3,9.84,False
46101,11,2018-11-18,4:05PM,Dignity Health Sports Park,LAC,DEN,22,23,45,479,325,804,26,95,20,0,0,43,28,384,32,91.3,2,2,26,2,3,3,100.0,0,0,0.0,0,0,0.0,1,1,100.0,2,2,100.0,0,0,0.0,19,108,41,3,0,33,20,217,40,80.0,0,0,5,16,1,1,100.0,0,0,0.0,0,0,0.0,0,0,0.0,0,0,0.0,0,0,0.0,Clear,0,0,No Data,72.8,72.8,0.36,4.65,8.25,0.1,3,7.22,False
46102,11,2018-11-18,4:05PM,State Farm Stadium,ARI,OAK,21,23,44,282,325,607,31,154,53,0,1,20,9,128,59,67.9,3,2,13,8,0,0,0.0,0,0,0.0,0,0,0.0,0,0,0.0,0,0,0.0,0,0,0.0,33,152,24,0,1,31,19,173,32,100.5,2,0,8,19,3,3,100.0,0,0,0.0,0,0,0.0,0,0,0.0,0,0,0.0,0,0,0.0,Clear,0,0,No Data,71.57,71.57,0.18,0.9,4.37,0.05,3,10,True
46098,11,2018-11-18,4:25PM,Mercedes-Benz Superdome,NO,PHI,48,7,55,546,196,742,37,173,38,2,0,32,23,373,38,150.1,4,0,28,2,2,2,100.0,1,1,100.0,0,0,0.0,1,1,100.0,0,0,0.0,0,0,0.0,12,58,28,1,0,32,19,138,54,45.8,0,2,4,13,0,0,0.0,0,0,0.0,0,0,0.0,0,0,0.0,0,0,0.0,0,0,0.0,Clear,0,0,No Data,68.06,68.06,0.51,2.4,3.33,0.18,1,10,True
46097,11,2018-11-18,8:20PM,Soldier Field,CHI,MIN,25,20,45,306,268,574,39,152,21,0,1,30,19,154,32,60.3,1,2,28,2,3,3,100.0,0,0,0.0,0,0,0.0,1,1,100.0,2,2,100.0,0,0,0.0,14,22,7,0,1,46,30,246,25,76.5,2,2,4,21,2,2,100.0,0,0,0.0,0,0,0.0,0,0,0.0,0,0,0.0,0,0,0.0,Clear,0,0,No Data,30.28,27.07,0.84,3.21,4.09,0.06,0,10,False
46104,11,2018-11-19,8:15PM,Los Angeles Memorial Coliseum,LA,KC,54,51,105,455,546,1001,21,76,24,1,3,49,31,379,40,117.1,4,0,29,4,2,2,100.0,0,0,0.0,1,1,100.0,1,1,100.0,0,0,0.0,0,0,0.0,20,98,27,0,2,46,33,448,73,117.6,6,3,3,27,1,1,100.0,0,0,0.0,0,0,0.0,0,0,0.0,0,0,0.0,0,0,0.0,Clear,0,0,No Data,68.05,68.05,0.34,1.11,5.15,0.11,0,7.97,False
46105,12,2018-11-22,12:30PM,Ford Field,DET,CHI,16,23,39,333,286,619,24,111,27,2,0,38,28,222,43,67.4,0,2,18,5,1,1,100.0,0,0,0.0,1,1,100.0,0,0,0.0,0,0,0.0,0,0,0.0,15,38,10,0,1,38,28,248,29,109.5,2,0,5,22,1,1,100.0,0,0,0.0,0,0,0.0,0,0,0.0,0,0,0.0,0,0,0.0,Overcast,0,0,No Data,25.44,14.87,0.52,11.32,15.08,0.97,2,10,True
46106,12,2018-11-22,4:30PM,AT&T Stadium,DAL,WAS,31,23,54,404,331,735,34,146,16,2,1,31,22,258,90,121.6,2,0,20,6,1,1,100.0,0,0,0.0,1,1,100.0,0,0,0.0,0,0,0.0,0,0,0.0,20,80,12,1,2,38,24,251,53,68.8,2,3,5,18,1,1,100.0,0,0,0.0,0,0,0.0,0,0,0.0,0,0,0.0,0,0,0.0,Partly Cloudy,0,0,No Data,63.32,63.32,0.42,6.67,7.71,0.36,1,10,True
46107,12,2018-11-22,8:20PM,Mercedes-Benz Superdome,NO,ATL,31,17,48,312,366,678,31,150,18,0,1,22,15,162,28,111.9,4,1,19,3,1,1,100.0,0,0,0.0,1,1,100.0,0,0,0.0,0,0,0.0,0,0,0.0,16,26,9,0,5,47,35,340,50,102.9,2,1,2,21,1,1,100.0,0,0,0.0,0,0,0.0,0,0,0.0,0,0,0.0,0,0,0.0,Clear,0,0,No Data,51.9,51.9,0.71,1.75,2.46,0.06,0,10,True
46108,12,2018-11-25,1:00PM,Paul Brown Stadium,CIN,CLE,20,35,55,372,342,714,20,129,32,1,1,46,27,243,40,79.5,2,1,25,2,1,0,0.0,0,0,0.0,0,0,0.0,0,0,0.0,0,0,0.0,1,0,0.0,35,84,27,1,0,26,19,258,24,143.9,4,0,4,24,0,0,0.0,0,0,0.0,0,0,0.0,0,0,0.0,0,0,0.0,0,0,0.0,Mostly Cloudy,0,0,No Data,51.45,51.45,0.83,1.27,3.26,0.69,2,5.42,False
46109,12,2018-11-25,1:00PM,New Era Field,BUF,JAX,24,21,45,327,333,660,35,167,45,2,2,19,8,160,75,89.8,1,0,18,7,1,1,100.0,0,0,0.0,1,1,100.0,0,0,0.0,0,0,0.0,0,0,0.0,39,226,43,2,0,23,12,107,29,46.8,1,2,6,25,1,0,0.0,0,0,0.0,0,0,0.0,0,0,0.0,0,0,0.0,0,0,0.0,Overcast,0,0,No Data,42.79,36.44,0.81,11.74,12.08,1,1,10,False
46111,12,2018-11-25,1:00PM,MetLife Stadium,NYJ,NE,13,27,40,338,498,836,15,74,12,0,0,45,26,264,41,73.9,1,1,18,5,2,2,100.0,0,0,0.0,0,0,0.0,1,1,100.0,0,0,0.0,1,1,100.0,36,215,33,1,0,30,19,283,36,116.4,2,0,4,25,2,2,100.0,0,0,0.0,0,0,0.0,0,0,0.0,0,0,0.0,0,0,0.0,Partly Cloudy,0,0,No Data,54.57,54.57,0.6,7.82,7.88,0.56,2,10,False
46112,12,2018-11-25,1:00PM,Lincoln Financial Field,PHI,NYG,25,22,47,341,402,743,29,127,32,1,0,28,20,214,24,108.6,1,0,19,4,3,3,100.0,0,0,0.0,1,1,100.0,0,0,0.0,2,2,100.0,0,0,0.0,18,126,51,1,1,37,26,276,39,91.8,1,1,3,18,3,3,100.0,0,0,0.0,0,0,0.0,0,0,0.0,0,0,0.0,1,1,100.0,Clear,0,0,No Data,56.32,56.32,0.6,5.76,8.08,0.21,2,10,False
46113,12,2018-11-25,1:00PM,M&T Bank Stadium,BAL,OAK,34,17,51,416,249,665,43,242,39,1,1,25,14,174,74,58.4,1,2,23,2,2,2,100.0,0,0,0.0,1,1,100.0,0,0,0.0,1,1,100.0,0,0,0.0,19,67,14,1,1,34,16,182,44,74.9,1,0,6,13,1,1,100.0,0,0,0.0,0,0,0.0,0,0,0.0,0,0,0.0,0,0,0.0,Clear,0,0,No Data,58.96,58.96,0.52,7.39,12.15,0.11,2,10,False
46114,12,2018-11-25,1:00PM,Bank of America Stadium,CAR,SEA,27,30,57,476,397,873,27,220,59,1,5,30,25,256,38,110.6,2,1,26,1,3,2,66.7,0,0,0.0,2,2,100.0,0,0,0.0,0,0,0.0,1,0,0.0,28,75,16,1,1,30,22,322,54,132.5,2,0,3,21,3,3,100.0,0,0,0.0,0,0,0.0,0,0,0.0,0,0,0.0,0,0,0.0,Clear,0,0,No Data,56.04,56.04,0.64,1.03,1.11,0.04,3,10,False
46115,12,2018-11-25,1:00PM,Raymond James Stadium,TB,SF,27,9,36,412,342,754,31,108,20,1,0,38,29,304,42,117.4,2,0,25,5,2,2,100.0,0,0,0.0,0,0,0.0,1,1,100.0,1,1,100.0,0,0,0.0,24,148,33,0,1,32,18,194,26,62.1,1,2,6,23,1,1,100.0,0,0,0.0,0,0,0.0,0,0,0.0,0,0,0.0,0,0,0.0,Clear,0,0,No Data,75.79,76.15,0.66,6.35,6.62,0.12,4,10,False
46116,12,2018-11-25,4:05PM,Dignity Health Sports Park,LAC,ARI,45,10,55,414,149,563,30,178,28,3,1,32,28,236,27,131.6,3,0,30,2,1,1,100.0,0,0,0.0,0,0,0.0,1,1,100.0,0,0,0.0,0,0,0.0,24,62,12,0,1,19,12,87,25,73.4,1,1,5,10,2,1,50.0,0,0,0.0,0,0,0.0,0,0,0.0,0,0,0.0,0,0,0.0,Clear,0,0,No Data,73.77,73.77,0.42,0.89,6.39,0.18,3,10,False
46110,12,2018-11-25,4:25PM,Lucas Oil Stadium,IND,MIA,27,24,51,455,314,769,26,118,25,0,2,38,31,337,39,109.1,3,2,26,3,3,2,66.7,0,0,0.0,0,0,0.0,1,1,100.0,2,1,50.0,0,0,0.0,25,113,23,1,2,25,17,201,74,119.4,2,0,6,14,1,1,100.0,0,0,0.0,0,0,0.0,0,0,0.0,0,0,0.0,0,0,0.0,Partly Cloudy,0,0,No Data,56.52,56.52,0.68,12.61,12.61,0.25,0,10,True
46117,12,2018-11-25,4:25PM,Broncos Stadium at Mile High,DEN,PIT,24,17,41,308,527,835,23,124,32,1,0,28,15,184,38,99.8,2,0,17,6,1,1,100.0,0,0,0.0,0,0,0.0,0,0,0.0,1,1,100.0,0,0,0.0,16,75,12,0,4,58,42,452,97,92.9,2,2,3,25,2,1,50.0,0,0,0.0,0,0,0.0,0,0,0.0,0,0,0.0,0,0,0.0,Clear,0,0,No Data,41.61,39.95,0.24,3.21,15.33,0.15,1,4.49,False
46118,12,2018-11-25,8:20PM,US Bank Stadium,MIN,GB,24,17,41,416,254,670,29,91,12,0,0,38,29,325,33,129.5,3,0,22,4,3,1,33.3,0,0,0.0,0,0,0.0,1,1,100.0,1,0,0.0,1,0,0.0,19,82,11,1,1,25,14,172,36,95.1,1,0,6,14,1,1,100.0,0,0,0.0,0,0,0.0,0,0,0.0,0,0,0.0,0,0,0.0,Partly Cloudy,0,0,No Data,20.43,11.06,0.67,7.61,9.96,0.34,0,10,True
46119,12,2018-11-26,8:15PM,NRG Stadium,HOU,TEN,34,17,51,462,365,827,34,281,97,2,1,24,19,181,28,130.9,2,0,19,5,2,2,100.0,0,0,0.0,0,0,0.0,0,0,0.0,2,2,100.0,0,0,0.0,23,105,39,0,2,23,22,260,61,147.7,2,0,6,14,1,1,100.0,0,0,0.0,0,0,0.0,0,0,0.0,0,0,0.0,0,0,0.0,Clear,0,0,No Data,51.09,51.09,0.4,6.05,6.05,0,0,10,True
46120,13,2018-11-29,8:20PM,AT&T Stadium,DAL,NO,13,10,23,308,191,499,31,100,21,0,3,28,24,208,40,115.5,1,0,21,3,2,2,100.0,0,0,0.0,1,1,100.0,0,0,0.0,1,1,100.0,0,0,0.0,19,65,13,0,4,28,18,126,30,71.6,1,1,4,14,1,1,100.0,0,0,0.0,0,0,0.0,0,0,0.0,0,0,0.0,0,0,0.0,Clear,0,0,No Data,70.07,70.07,0.68,8.96,9.53,0,0,10,True
46121,13,2018-12-02,1:00PM,Lambeau Field,GB,ARI,17,20,37,325,315,640,23,98,21,1,0,48,30,227,19,81.3,1,0,22,7,2,1,50.0,0,0,0.0,0,0,0.0,1,1,100.0,1,0,0.0,0,0,0.0,29,182,33,2,3,26,11,133,37,61.2,0,0,6,18,2,2,100.0,0,0,0.0,0,0,0.0,0,0,0.0,0,0,0.0,0,0,0.0,Overcast,0.0012,0.12,snow,33.98,23.3,0.92,17.55,21.51,1,1,2.39,False
46122,13,2018-12-02,1:00PM,Mercedes-Benz Stadium,ATL,BAL,16,26,42,131,366,497,15,34,11,0,2,27,16,97,17,84.0,1,0,16,5,1,1,100.0,0,0,0.0,0,0,0.0,0,0,0.0,1,1,100.0,0,0,0.0,49,207,16,1,4,26,15,159,21,76.9,0,0,3,25,4,4,100.0,0,0,0.0,0,0,0.0,0,0,0.0,0,0,0.0,0,0,0.0,Partly Cloudy,0,0,No Data,70.15,70.15,0.45,6.28,9.56,0.27,3,3.61,True
46123,13,2018-12-02,1:00PM,Hard Rock Stadium,MIA,BUF,21,17,38,175,415,590,23,60,20,0,1,24,16,115,39,103.6,3,1,15,7,0,0,0.0,0,0,0.0,0,0,0.0,0,0,0.0,0,0,0.0,0,0,0.0,31,198,28,0,3,33,18,217,38,71.6,2,2,4,24,2,1,50.0,0,0,0.0,0,0,0.0,0,0,0.0,0,0,0.0,1,0,0.0,Humid and Mostly Cloudy,0,0,No Data,85.15,93.16,0.7,12.58,13.02,0.6,4,10,False
46124,13,2018-12-02,1:00PM,Raymond James Stadium,TB,CAR,24,17,41,315,444,759,25,95,31,1,2,30,20,220,48,114.4,2,0,18,6,1,1,100.0,0,0,0.0,0,0,0.0,1,1,100.0,0,0,0.0,0,0,0.0,19,168,53,0,1,42,28,276,33,63.7,2,4,2,27,1,1,100.0,0,0,0.0,0,0,0.0,0,0,0.0,0,0,0.0,0,0,0.0,Humid and Mostly Cloudy,0,0,No Data,81.42,86.08,0.74,13.94,18.17,0.82,3,10,False
46125,13,2018-12-02,1:00PM,MetLife Stadium,NYG,CHI,30,27,57,338,368,706,29,141,29,0,0,36,20,197,49,80.7,2,1,18,7,3,3,100.0,0,0,0.0,0,0,0.0,1,1,100.0,1,1,100.0,1,1,100.0,32,110,25,1,6,40,27,258,46,84.0,2,2,6,23,2,2,100.0,0,0,0.0,0,0,0.0,0,0,0.0,0,0,0.0,0,0,0.0,Drizzle,0.0059,0.49,rain,51.13,51.13,0.97,0.3,0.65,1,1,1.35,False
46126,13,2018-12-02,1:00PM,NRG Stadium,HOU,CLE,29,13,42,384,428,812,39,187,32,0,2,31,22,197,29,102.1,1,0,25,3,5,5,100.0,0,0,0.0,0,0,0.0,2,2,100.0,2,2,100.0,1,1,100.0,9,31,11,1,1,43,29,397,79,75.4,1,3,2,20,0,0,0.0,0,0,0.0,0,0,0.0,0,0,0.0,0,0,0.0,0,0,0.0,Clear,0,0,No Data,72.02,72.02,0.29,6.43,6.81,0,4,10,True
46127,13,2018-12-02,1:00PM,Paul Brown Stadium,CIN,DEN,10,24,34,311,361,672,23,111,23,0,2,38,25,200,30,80.6,1,1,20,7,1,1,100.0,0,0,0.0,0,0,0.0,1,1,100.0,0,0,0.0,0,0,0.0,34,218,65,2,1,21,12,143,30,95.5,1,0,6,16,2,1,50.0,0,0,0.0,0,0,0.0,0,0,0.0,0,0,0.0,1,0,0.0,Clear,0,0,No Data,64.99,64.99,0.45,8.84,18.34,0.15,2,6.09,False
46128,13,2018-12-02,1:00PM,TIAA Bank Field,JAX,IND,6,0,6,211,294,505,27,79,11,0,2,24,18,132,23,90.6,0,0,12,7,2,2,100.0,0,0,0.0,0,0,0.0,2,2,100.0,0,0,0.0,0,0,0.0,16,49,11,0,2,52,33,245,20,66.8,0,1,6,18,0,0,0.0,0,0,0.0,0,0,0.0,0,0,0.0,0,0,0.0,0,0,0.0,Humid and Overcast,0,0,No Data,79.89,83.9,0.79,10.72,11.8,0.99,3,9.33,False
46130,13,2018-12-02,1:00PM,Ford Field,DET,LA,16,30,46,310,344,654,26,102,24,0,1,34,20,208,39,78.7,1,1,23,6,3,3,100.0,0,0,0.0,2,2,100.0,1,1,100.0,0,0,0.0,0,0,0.0,29,149,36,2,1,33,17,195,38,68.6,1,1,3,24,3,3,100.0,0,0,0.0,0,0,0.0,0,0,0.0,0,0,0.0,0,0,0.0,Mostly Cloudy,0,0,No Data,57.68,57.68,0.67,16.55,16.79,0.62,1,10,True
46131,13,2018-12-02,4:05PM,Oakland-Alameda County Coliseum,OAK,KC,33,40,73,442,469,911,28,171,30,1,4,38,29,271,29,123.2,3,0,28,2,2,2,100.0,0,0,0.0,0,0,0.0,0,0,0.0,1,1,100.0,1,1,100.0,30,174,33,1,1,38,23,295,38,120.0,4,0,3,25,2,2,100.0,0,0,0.0,0,0,0.0,0,0,0.0,0,0,0.0,1,1,100.0,Clear,0,0,No Data,54.39,54.39,0.51,1.84,7.55,0.13,2,10,False
46132,13,2018-12-02,4:05PM,Nissan Stadium,TEN,NYJ,26,22,48,403,280,683,22,130,27,1,2,35,20,273,55,90.4,2,1,22,7,2,2,100.0,0,0,0.0,1,1,100.0,1,1,100.0,0,0,0.0,0,0,0.0,33,156,27,0,0,30,17,124,20,53.2,0,1,6,15,5,5,100.0,0,0,0.0,0,0,0.0,0,0,0.0,0,0,0.0,1,1,100.0,Clear,0,0,No Data,68.52,68.52,0.27,14.55,15.7,0,0,10,False
46133,13,2018-12-02,4:25PM,Gillette Stadium,NE,MIN,24,10,34,471,278,749,39,160,15,2,0,32,24,311,42,102.5,1,1,27,4,2,1,50.0,0,0,0.0,1,1,100.0,0,0,0.0,1,0,0.0,0,0,0.0,13,95,32,0,0,44,32,183,49,70.4,1,2,5,16,2,1,50.0,0,0,0.0,0,0,0.0,0,0,0.0,0,0,0.0,0,0,0.0,Drizzle,0.0054,0.52,rain,51.62,51.62,0.98,3.13,5.52,1,0,3.26,False
46134,13,2018-12-02,4:25PM,CenturyLink Field,SEA,SF,43,16,59,331,452,783,29,168,23,1,0,17,11,163,52,140.9,4,0,21,4,1,1,100.0,0,0,0.0,0,0,0.0,0,0,0.0,1,1,100.0,0,0,0.0,23,66,11,0,3,48,30,386,75,95.3,2,1,5,24,1,1,100.0,0,0,0.0,0,0,0.0,0,0,0.0,0,0,0.0,0,0,0.0,Overcast,0,0,No Data,45.84,45.84,0.79,1.06,3.03,0.95,1,4.37,False
46129,13,2018-12-02,8:20PM,Heinz Field,PIT,LAC,30,33,63,336,371,707,17,65,20,2,1,45,29,271,46,87.4,2,1,23,4,1,1,100.0,0,0,0.0,0,0,0.0,0,0,0.0,1,1,100.0,0,0,0.0,22,85,18,1,0,36,26,286,46,115.4,2,0,4,22,2,1,50.0,0,0,0.0,0,0,0.0,0,0,0.0,0,0,0.0,1,0,0.0,Partly Cloudy,0,0,No Data,58.94,58.94,0.48,9.77,10.48,0.44,0,10,False
46135,13,2018-12-03,8:15PM,Lincoln Financial Field,PHI,WAS,28,13,41,436,235,671,33,130,18,1,3,39,27,306,39,98.9,2,1,28,2,2,2,100.0,0,0,0.0,0,0,0.0,0,0,0.0,2,2,100.0,0,0,0.0,14,104,90,1,2,25,17,131,32,67.1,0,1,6,10,2,2,100.0,0,0,0.0,0,0,0.0,0,0,0.0,0,0,0.0,0,0,0.0,Partly Cloudy,0,0,No Data,47.54,45.77,0.59,4.34,5.7,0.26,0,10,False
46136,14,2018-12-06,8:20PM,Nissan Stadium,TEN,JAX,30,9,39,426,255,681,32,264,99,4,1,24,18,162,29,75.4,0,1,21,2,1,1,100.0,0,0,0.0,0,0,0.0,1,1,100.0,0,0,0.0,0,0,0.0,20,60,12,0,1,43,25,195,35,81.5,1,0,5,17,0,0,0.0,0,0,0.0,0,0,0.0,0,0,0.0,0,0,0.0,0,0,0.0,Overcast,0,0,No Data,43.07,40.83,0.5,4.04,4.57,1,0,10,False
46137,14,2018-12-09,1:00PM,Lambeau Field,GB,ATL,34,20,54,288,344,632,25,138,29,1,2,30,19,150,24,102.6,2,0,22,4,2,2,100.0,0,0,0.0,0,0,0.0,0,0,0.0,1,1,100.0,1,1,100.0,25,91,17,0,3,42,28,253,32,97.5,3,1,4,23,1,0,0.0,0,0,0.0,0,0,0.0,0,0,0.0,0,0,0.0,1,0,0.0,Partly Cloudy,0,0,No Data,26.54,16.24,0.69,11.34,11.34,0.41,1,9.67,False
46138,14,2018-12-09,1:00PM,Arrowhead Stadium,KC,BAL,27,24,51,442,321,763,27,94,13,1,1,53,35,348,48,91.5,2,1,30,3,4,2,50.0,0,0,0.0,1,1,100.0,1,1,100.0,1,0,0.0,1,0,0.0,40,194,15,1,1,26,13,127,21,93.0,2,0,3,24,1,1,100.0,0,0,0.0,0,0,0.0,0,0,0.0,0,0,0.0,0,0,0.0,Clear,0,0,No Data,29.71,29.71,0.63,1.43,1.53,0,2,10,False
46139,14,2018-12-09,1:00PM,FirstEnergy Stadium,CLE,CAR,26,20,46,348,393,741,21,116,51,2,3,23,18,232,66,124.3,1,0,12,3,2,2,100.0,0,0,0.0,0,0,0.0,0,0,0.0,2,2,100.0,0,0,0.0,25,96,25,2,0,43,27,297,40,73.6,0,1,4,22,2,2,100.0,0,0,0.0,0,0,0.0,0,0,0.0,0,0,0.0,0,0,0.0,Clear,0,0,No Data,34.25,34.25,0.51,1.4,3.56,0.06,2,3.41,False
46140,14,2018-12-09,1:00PM,NRG Stadium,HOU,IND,21,24,45,315,436,751,25,89,13,2,0,38,27,226,47,99.3,1,0,25,8,0,0,0.0,0,0,0.0,0,0,0.0,0,0,0.0,0,0,0.0,0,0,0.0,23,50,13,1,1,41,27,386,60,103.6,2,1,6,24,1,1,100.0,0,0,0.0,0,0,0.0,0,0,0.0,0,0,0.0,1,1,100.0,Overcast,0,0,No Data,46.15,41.12,0.78,10.42,10.57,1,3,10,True
46142,14,2018-12-09,1:00PM,Hard Rock Stadium,MIA,NE,34,33,67,412,421,833,21,189,54,2,2,19,14,223,43,155.2,3,0,20,6,0,0,0.0,0,0,0.0,0,0,0.0,0,0,0.0,0,0,0.0,0,0,0.0,30,77,11,1,0,43,27,344,37,112.4,3,0,3,28,3,2,66.7,0,0,0.0,0,0,0.0,0,0,0.0,0,0,0.0,0,0,0.0,Mostly Cloudy,0,0,No Data,82.85,88.01,0.7,17.75,17.75,0.66,3,10,False
46143,14,2018-12-09,1:00PM,Raymond James Stadium,TB,NO,14,28,42,279,298,577,23,105,17,0,1,38,18,174,36,71.5,2,1,20,6,2,0,0.0,0,0,0.0,0,0,0.0,0,0,0.0,2,0,0.0,0,0,0.0,30,100,17,2,1,31,24,198,20,90.9,1,1,3,19,2,2,100.0,0,0,0.0,0,0,0.0,0,0,0.0,0,0,0.0,0,0,0.0,Light Rain,0.0373,0.64,rain,70.83,71.93,0.92,7.84,9.09,0.86,3,8.86,False
46144,14,2018-12-09,1:00PM,FedEx Field,WAS,NYG,16,40,56,288,401,689,22,84,13,1,1,30,17,204,79,53.2,1,3,13,8,0,0,0.0,0,0,0.0,0,0,0.0,0,0,0.0,0,0,0.0,0,0,0.0,34,226,78,1,0,27,14,175,39,97.3,3,1,6,20,2,2,100.0,0,0,0.0,0,0,0.0,0,0,0.0,0,0,0.0,0,0,0.0,Mostly Cloudy,0,0,No Data,32.85,28.2,0.57,4.85,5.33,0.77,2,8.74,False
46145,14,2018-12-09,1:00PM,New Era Field,BUF,NYJ,23,27,50,368,248,616,31,176,31,2,1,37,18,192,38,43.3,0,2,24,1,5,3,60.0,0,0,0.0,1,1,100.0,2,2,100.0,1,0,0.0,1,0,0.0,28,78,34,2,2,24,16,170,37,83.7,1,1,3,15,2,2,100.0,0,0,0.0,0,0,0.0,0,0,0.0,0,0,0.0,0,0,0.0,Mostly Cloudy,0,0,No Data,29.69,19.26,0.71,13.43,14.5,0.75,1,10,False
46146,14,2018-12-09,4:05PM,Dignity Health Sports Park,LAC,CIN,26,21,47,288,295,583,25,85,18,1,0,29,19,203,37,99.8,1,0,17,4,4,4,100.0,0,0,0.0,0,0,0.0,2,2,100.0,1,1,100.0,1,1,100.0,32,144,19,1,0,27,18,151,24,96.2,1,0,3,19,3,3,100.0,0,0,0.0,0,0,0.0,0,0,0.0,0,0,0.0,0,0,0.0,Clear,0,0,No Data,71.51,71.51,0.37,0.56,7.09,0.15,2,9.94,False
46147,14,2018-12-09,4:05PM,Levi's Stadium,SF,DEN,20,14,34,389,274,663,30,84,11,0,3,33,20,305,85,102.1,2,1,24,5,2,2,100.0,0,0,0.0,1,1,100.0,0,0,0.0,1,1,100.0,0,0,0.0,27,103,23,1,4,42,24,171,21,76.1,1,0,6,22,0,0,0.0,0,0,0.0,0,0,0.0,0,0,0.0,0,0,0.0,0,0,0.0,Mostly Cloudy,0,0,No Data,55.61,55.61,0.69,2.29,5.92,0.85,2,8.01,False
46148,14,2018-12-09,4:25PM,State Farm Stadium,ARI,DET,3,17,20,279,218,497,21,61,10,0,2,41,26,218,19,69.2,0,1,22,6,2,1,50.0,0,0,0.0,1,1,100.0,0,0,0.0,0,0,0.0,1,0,0.0,31,122,14,1,2,23,15,96,18,74.7,0,0,7,16,1,1,100.0,0,0,0.0,0,0,0.0,0,0,0.0,0,0,0.0,0,0,0.0,Clear,0,0,No Data,69.02,69.02,0.36,0.58,4.08,0.11,2,10,True
46149,14,2018-12-09,4:25PM,AT&T Stadium,DAL,PHI,29,23,52,576,256,832,36,142,20,0,2,54,42,434,75,104.9,3,2,32,2,4,3,75.0,0,0,0.0,2,2,100.0,0,0,0.0,1,0,0.0,1,1,100.0,14,34,24,0,1,32,22,222,42,120.3,3,0,6,16,1,1,100.0,0,0,0.0,0,0,0.0,0,0,0.0,0,0,0.0,0,0,0.0,Clear,0,0,No Data,49.52,46.68,0.58,6.84,8.84,0.13,1,10,True
46150,14,2018-12-09,4:25PM,Oakland-Alameda County Coliseum,OAK,PIT,24,21,45,354,340,694,25,55,9,1,1,33,25,299,39,126.1,2,0,20,4,1,1,100.0,0,0,0.0,0,0,0.0,0,0,0.0,1,1,100.0,0,0,0.0,19,40,10,1,0,37,28,300,23,106.4,2,1,3,24,2,0,0.0,0,0,0.0,0,0,0.0,0,0,0.0,0,0,0.0,0,0,0.0,Mostly Cloudy,0,0,No Data,51.2,51.2,0.8,3.36,7.43,0.67,2,6.63,False
46141,14,2018-12-09,8:20PM,Soldier Field,CHI,LA,15,6,21,294,214,508,35,194,32,0,0,30,16,100,17,33.3,1,3,17,5,3,2,66.7,0,0,0.0,0,0,0.0,3,2,66.7,0,0,0.0,0,0,0.0,13,52,19,0,1,45,21,162,48,21.2,0,4,3,14,3,2,66.7,0,0,0.0,0,0,0.0,0,0,0.0,0,0,0.0,1,1,100.0,Clear,0,0,No Data,25.87,21.89,0.8,3.33,3.83,0,0,7.49,False
46151,14,2018-12-10,8:15PM,CenturyLink Field,SEA,MIN,21,7,28,274,276,550,42,214,40,1,0,20,10,60,14,37.9,0,1,19,5,2,2,100.0,0,0,0.0,0,0,0.0,2,2,100.0,0,0,0.0,0,0,0.0,21,77,13,0,1,33,20,199,48,89.0,1,0,5,16,1,0,0.0,0,0,0.0,0,0,0.0,0,0,0.0,0,0,0.0,0,0,0.0,Mostly Cloudy,0.0005,0.05,rain,46.51,44.23,0.82,4.85,5.44,0.82,0,4.95,False
46152,15,2018-12-13,8:20PM,Arrowhead Stadium,KC,LAC,28,29,57,294,407,701,17,60,8,2,2,34,24,234,33,110.3,2,0,22,4,0,0,0.0,0,0,0.0,0,0,0.0,0,0,0.0,0,0,0.0,0,0,0.0,24,119,19,2,2,38,26,288,38,89.0,2,2,2,30,0,0,0.0,0,0,0.0,0,0,0.0,0,0,0.0,0,0,0.0,0,0,0.0,Overcast,0,0,No Data,37.3,31,0.86,8.56,8.92,1,0,9.01,False
46154,15,2018-12-15,4:30PM,MetLife Stadium,NYJ,HOU,22,29,51,318,286,604,31,90,14,1,1,38,24,228,26,100.0,2,0,21,4,1,1,100.0,0,0,0.0,1,1,100.0,0,0,0.0,0,0,0.0,0,0,0.0,17,47,24,0,0,28,22,239,50,134.2,2,0,3,15,5,5,100.0,0,0,0.0,0,0,0.0,0,0,0.0,0,0,0.0,1,1,100.0,Mostly Cloudy,0,0,No Data,50.34,50.34,0.73,6.11,6.55,0.66,0,10,False
46153,15,2018-12-15,8:20PM,Broncos Stadium at Mile High,DEN,CLE,16,17,33,270,309,579,20,32,11,1,0,48,31,238,29,60.8,0,2,22,3,3,3,100.0,0,0,0.0,1,1,100.0,0,0,0.0,2,2,100.0,0,0,0.0,28,134,40,0,1,31,18,175,31,83.8,2,1,4,21,1,1,100.0,0,0,0.0,0,0,0.0,0,0,0.0,0,0,0.0,0,0,0.0,Clear,0,0,No Data,43.82,43.82,0.31,1.89,8.22,0.19,0,3.72,False
46155,15,2018-12-16,1:00PM,Lucas Oil Stadium,IND,DAL,23,0,23,370,292,662,39,178,21,2,2,27,16,192,37,81.1,0,0,25,1,3,3,100.0,0,0,0.0,1,1,100.0,0,0,0.0,2,2,100.0,0,0,0.0,22,112,24,0,1,39,24,180,18,64.7,0,1,2,19,1,0,0.0,0,0,0.0,0,0,0.0,0,0,0.0,0,0,0.0,0,0,0.0,Clear,0,0,No Data,49.22,46.88,0.69,5.74,5.95,0,2,10,True
46156,15,2018-12-16,1:00PM,US Bank Stadium,MIN,MIA,41,17,58,418,193,611,40,220,26,3,0,21,14,198,40,112.2,2,1,22,3,2,2,100.0,0,0,0.0,0,0,0.0,2,2,100.0,0,0,0.0,0,0,0.0,20,156,75,1,1,24,11,37,18,59.0,0,0,7,12,1,1,100.0,0,0,0.0,0,0,0.0,0,0,0.0,0,0,0.0,0,0,0.0,Clear,0,0,No Data,42.69,38.7,0.54,6.43,7,0,1,10,True
46157,15,2018-12-16,1:00PM,Paul Brown Stadium,CIN,OAK,30,16,46,294,297,591,41,171,47,2,0,33,14,123,45,51.3,1,1,18,5,3,3,100.0,0,0,0.0,1,1,100.0,2,2,100.0,0,0,0.0,0,0,0.0,16,68,21,0,2,38,21,229,44,85.8,1,0,6,13,3,3,100.0,0,0,0.0,0,0,0.0,0,0,0.0,0,0,0.0,1,1,100.0,Overcast,0,0,No Data,43.29,43.29,0.87,2.91,3.98,1,2,3.88,False
46158,15,2018-12-16,1:00PM,MetLife Stadium,NYG,TEN,0,17,17,254,301,555,16,47,17,0,1,44,21,207,38,54.1,0,1,15,6,0,0,0.0,0,0,0.0,0,0,0.0,0,0,0.0,0,0,0.0,0,0,0.0,45,215,22,2,0,21,13,86,17,72.3,0,0,5,22,2,1,50.0,0,0,0.0,0,0,0.0,0,0,0.0,0,0,0.0,0,0,0.0,Light Rain,0.0277,0.87,rain,40.03,33.73,0.93,9.87,10.24,1,1,2.67,False
46159,15,2018-12-16,1:00PM,TIAA Bank Field,JAX,WAS,13,16,29,185,245,430,26,172,25,0,1,17,9,13,13,35.7,0,1,11,5,2,2,100.0,0,0,0.0,0,0,0.0,1,1,100.0,1,1,100.0,0,0,0.0,33,109,18,0,2,25,16,136,33,93.9,1,0,6,16,3,3,100.0,0,0,0.0,0,0,0.0,0,0,0.0,0,0,0.0,0,0,0.0,Mostly Cloudy,0,0,No Data,63.44,63.44,0.6,10.07,11.22,0.77,3,9.81,False
46160,15,2018-12-16,1:00PM,Mercedes-Benz Stadium,ATL,ARI,40,14,54,435,253,688,27,215,65,2,0,36,22,220,22,98.3,2,0,23,6,2,2,100.0,0,0,0.0,1,1,100.0,1,1,100.0,0,0,0.0,0,0,0.0,22,60,13,1,1,36,23,193,40,69.6,1,2,7,18,0,0,0.0,0,0,0.0,0,0,0.0,0,0,0.0,0,0,0.0,0,0,0.0,Overcast,0,0,No Data,51.67,51.67,0.77,6.13,9.39,1,2,4,True
46161,15,2018-12-16,1:00PM,New Era Field,BUF,DET,14,13,27,312,313,625,37,117,10,1,1,28,13,195,42,83.0,1,0,20,6,0,0,0.0,0,0,0.0,0,0,0.0,0,0,0.0,0,0,0.0,0,0,0.0,26,105,19,1,0,29,22,208,40,106.7,1,0,7,14,1,0,0.0,0,0,0.0,0,0,0.0,0,0,0.0,0,0,0.0,0,0,0.0,Overcast,0,0,No Data,38.51,32.64,0.79,8.24,8.33,1,1,10,False
46162,15,2018-12-16,1:00PM,Soldier Field,CHI,GB,24,17,41,328,316,644,29,96,22,1,2,28,20,232,30,120.4,2,0,19,4,1,1,100.0,0,0,0.0,1,1,100.0,0,0,0.0,0,0,0.0,0,0,0.0,19,88,20,1,0,42,24,228,28,66.3,0,1,5,19,3,3,100.0,0,0,0.0,0,0,0.0,0,0,0.0,0,0,0.0,0,0,0.0,Clear,0,0,No Data,44.72,40.52,0.65,7.61,10.69,0.13,2,10,False
46163,15,2018-12-16,1:00PM,M&T Bank Stadium,BAL,TB,20,12,32,370,241,611,49,242,26,1,2,23,14,128,28,91.0,1,0,24,3,2,2,100.0,0,0,0.0,1,1,100.0,1,1,100.0,0,0,0.0,0,0,0.0,21,85,15,1,0,25,13,156,64,54.9,0,1,4,12,2,2,100.0,0,0,0.0,0,0,0.0,0,0,0.0,0,0,0.0,0,0,0.0,Light Rain,0.0312,0.36,rain,42.8,37.92,0.89,8.15,11.34,1,1,4.2,False
46164,15,2018-12-16,4:05PM,Levi's Stadium,SF,SEA,26,23,49,351,385,736,26,94,16,0,1,29,20,257,41,110.6,1,0,20,4,4,4,100.0,0,0,0.0,1,1,100.0,2,2,100.0,1,1,100.0,0,0,0.0,35,168,26,1,1,32,24,217,35,116.3,2,0,8,18,1,1,100.0,0,0,0.0,0,0,0.0,0,0,0.0,0,0,0.0,0,0,0.0,Mostly Cloudy,0.0005,0.04,rain,60.12,60.12,0.71,6.75,17.24,0.79,2,9.99,False
46165,15,2018-12-16,4:25PM,Heinz Field,PIT,NE,17,10,27,376,368,744,25,158,25,0,0,34,22,218,32,79.9,2,2,24,2,2,1,50.0,0,0,0.0,0,0,0.0,1,0,0.0,1,1,100.0,0,0,0.0,19,96,25,0,0,36,25,272,63,89.9,1,1,5,18,1,1,100.0,0,0,0.0,0,0,0.0,0,0,0.0,0,0,0.0,0,0,0.0,Overcast,0,0,No Data,41.32,39.34,0.88,3.49,3.74,1,0,9.86,False
46166,15,2018-12-16,8:20PM,Los Angeles Memorial Coliseum,LA,PHI,23,30,53,413,381,794,18,82,21,2,2,55,35,331,33,65.6,0,2,23,3,3,3,100.0,0,0,0.0,0,0,0.0,2,2,100.0,1,1,100.0,0,0,0.0,30,111,17,3,0,31,24,270,50,89.4,0,1,3,17,4,3,75.0,0,0,0.0,0,0,0.0,0,0,0.0,0,0,0.0,2,1,50.0,Clear,0,0,No Data,62.42,62.42,0.57,3.21,6.44,0.05,0,10,False
46167,15,2018-12-17,8:15PM,Bank of America Stadium,CAR,NO,9,12,21,247,346,593,23,98,22,0,1,30,17,149,50,71.7,1,1,13,6,0,0,0.0,0,0,0.0,0,0,0.0,0,0,0.0,0,0,0.0,0,0,0.0,32,155,22,1,1,32,22,191,28,72.8,0,1,4,21,2,2,100.0,0,0,0.0,0,0,0.0,0,0,0.0,0,0,0.0,0,0,0.0,Clear,0,0,No Data,45.7,45.7,0.55,1.77,2.17,0,0,10,False
46177,16,2018-12-22,4:30PM,Nissan Stadium,TEN,WAS,25,16,41,291,292,583,27,99,18,1,0,25,17,192,35,107.2,1,0,20,4,2,2,100.0,0,0,0.0,0,0,0.0,1,1,100.0,1,1,100.0,0,0,0.0,34,161,16,0,0,23,13,131,41,55.2,1,2,2,17,3,3,100.0,0,0,0.0,0,0,0.0,0,0,0.0,0,0,0.0,1,1,100.0,Clear,0,0,No Data,49.98,47.26,0.51,6.8,6.98,0,0,10,False
46178,16,2018-12-22,8:20PM,Dignity Health Sports Park,LAC,BAL,10,22,32,198,361,559,16,51,13,1,2,37,23,147,48,51.8,0,2,14,7,1,1,100.0,0,0,0.0,0,0,0.0,1,1,100.0,0,0,0.0,0,0,0.0,35,159,43,0,2,22,12,202,68,101.3,1,0,3,15,5,3,60.0,0,0,0.0,0,0,0.0,0,0,0.0,0,0,0.0,2,1,50.0,Partly Cloudy,0,0,No Data,61.58,61.58,0.71,3.42,5.51,0.27,0,7.51,False
46168,16,2018-12-23,1:00PM,Bank of America Stadium,CAR,ATL,10,24,34,436,427,863,25,141,19,0,2,57,37,295,27,62.9,1,3,29,3,1,1,100.0,0,0,0.0,0,0,0.0,0,0,0.0,0,0,0.0,1,1,100.0,21,194,60,0,2,26,15,233,75,126.9,3,0,5,16,1,1,100.0,0,0,0.0,0,0,0.0,0,0,0.0,0,0,0.0,0,0,0.0,Clear,0,0,No Data,52.71,52.71,0.49,3.98,5.72,0,3,10,False
46169,16,2018-12-23,1:00PM,Gillette Stadium,NE,BUF,24,12,36,390,289,679,47,273,27,2,1,25,13,117,32,46.4,1,2,20,6,1,1,100.0,0,0,0.0,1,1,100.0,0,0,0.0,0,0,0.0,0,0,0.0,18,72,13,0,1,39,20,217,31,55.2,1,2,6,14,3,2,66.7,0,0,0.0,0,0,0.0,0,0,0.0,0,0,0.0,0,0,0.0,Clear,0,0,No Data,38.58,33.04,0.41,7.67,9.45,0,1,10,False
46170,16,2018-12-23,1:00PM,FirstEnergy Stadium,CLE,CIN,26,18,44,493,209,702,28,146,22,0,0,38,28,347,66,127.8,3,0,23,3,2,2,100.0,0,0,0.0,0,0,0.0,2,2,100.0,0,0,0.0,0,0,0.0,24,102,20,0,1,19,13,107,28,123.4,2,0,5,15,1,1,100.0,0,0,0.0,0,0,0.0,0,0,0.0,0,0,0.0,1,1,100.0,Overcast,0,0,No Data,38.61,36.07,0.83,3.64,4.7,1,1,2.48,False
46171,16,2018-12-23,1:00PM,MetLife Stadium,NYJ,GB,38,44,82,370,446,816,20,47,15,1,1,35,24,323,33,128.4,3,0,23,4,2,1,50.0,0,0,0.0,0,0,0.0,1,1,100.0,1,0,0.0,0,0,0.0,20,127,23,3,1,50,32,319,49,97.8,2,0,3,30,3,3,100.0,0,0,0.0,0,0,0.0,0,0,0.0,0,0,0.0,0,0,0.0,Clear,0,0,No Data,42.53,38.63,0.48,6.24,6.69,0.12,1,10,False
46172,16,2018-12-23,1:00PM,Lincoln Financial Field,PHI,HOU,32,30,62,519,371,890,22,57,16,0,3,50,35,462,83,118.0,4,1,25,2,2,2,100.0,0,0,0.0,0,0,0.0,1,1,100.0,1,1,100.0,0,0,0.0,19,62,11,2,2,40,29,309,35,114.5,2,0,4,25,1,1,100.0,0,0,0.0,0,0,0.0,0,0,0.0,0,0,0.0,0,0,0.0,Clear,0,0,No Data,44.3,41.62,0.51,4.87,7.26,0,2,10,False
46173,16,2018-12-23,1:00PM,Hard Rock Stadium,MIA,JAX,7,17,24,183,244,427,18,62,12,0,1,22,15,121,31,82.8,1,1,11,6,1,0,0.0,0,0,0.0,0,0,0.0,0,0,0.0,1,0,0.0,0,0,0.0,32,126,19,1,2,24,17,118,22,86.3,0,0,5,19,2,1,50.0,0,0,0.0,0,0,0.0,0,0,0.0,0,0,0.0,1,0,0.0,Clear,0,0,No Data,72.94,72.94,0.53,3.92,4.85,0.14,5,10,False
46174,16,2018-12-23,1:00PM,Ford Field,DET,MIN,9,27,36,223,356,579,23,86,29,0,1,43,23,137,21,62.3,0,0,17,5,3,3,100.0,0,0,0.0,0,0,0.0,1,1,100.0,2,2,100.0,0,0,0.0,28,100,18,0,0,28,21,256,44,140.3,3,0,6,16,2,2,100.0,0,0,0.0,0,0,0.0,0,0,0.0,0,0,0.0,0,0,0.0,Overcast,0,0,No Data,36.52,29.34,0.75,9.99,10.2,1,1,7.07,True
46175,16,2018-12-23,1:00PM,Lucas Oil Stadium,IND,NYG,28,27,55,402,392,794,16,49,14,2,0,46,31,353,55,105.1,2,0,27,4,0,0,0.0,0,0,0.0,0,0,0.0,0,0,0.0,0,0,0.0,0,0,0.0,29,83,14,2,0,33,25,309,55,101.7,1,1,3,22,2,2,100.0,0,0,0.0,0,0,0.0,0,0,0.0,0,0,0.0,0,0,0.0,Overcast,0,0,No Data,34.18,27.47,0.78,8.05,8.54,1,1,9.25,True
46176,16,2018-12-23,1:00PM,AT&T Stadium,DAL,TB,27,20,47,232,383,615,24,80,17,1,1,25,20,152,31,106.8,1,0,16,4,2,2,100.0,0,0,0.0,1,1,100.0,0,0,0.0,0,0,0.0,1,1,100.0,24,63,33,1,2,48,34,320,38,97.2,1,0,2,27,3,2,66.7,0,0,0.0,0,0,0.0,0,0,0.0,0,0,0.0,1,0,0.0,Clear,0,0,No Data,50.52,50.52,0.47,9.19,10.03,0,3,10,True
46179,16,2018-12-23,4:05PM,Levi's Stadium,SF,CHI,9,14,23,279,325,604,15,47,11,0,0,38,22,232,35,65.8,0,1,15,4,3,3,100.0,0,0,0.0,1,1,100.0,2,2,100.0,0,0,0.0,0,0,0.0,28,90,9,1,2,29,25,235,43,113.5,1,0,3,20,1,0,0.0,0,0,0.0,0,0,0.0,0,0,0.0,0,0,0.0,0,0,0.0,Partly Cloudy,0,0,No Data,60.52,60.52,0.47,1.7,6.77,0.59,2,10,False
46180,16,2018-12-23,4:05PM,State Farm Stadium,ARI,LA,9,31,40,263,461,724,18,104,20,0,0,31,18,159,32,85.7,1,0,15,5,2,1,50.0,0,0,0.0,0,0,0.0,1,1,100.0,0,0,0.0,1,0,0.0,41,269,46,3,1,24,19,192,39,118.1,1,0,2,33,2,1,50.0,0,0,0.0,0,0,0.0,0,0,0.0,0,0,0.0,1,0,0.0,Partly Cloudy,0,0,No Data,70.9,70.9,0.22,1.9,4.81,0.28,2,10,True
46181,16,2018-12-23,4:25PM,Mercedes-Benz Superdome,NO,PIT,31,28,59,370,429,799,19,57,8,3,1,40,27,313,42,90.2,1,1,24,3,2,1,50.0,0,0,0.0,0,0,0.0,0,0,0.0,1,1,100.0,1,0,0.0,18,65,16,0,3,50,33,364,49,108.8,3,0,2,26,2,2,100.0,0,0,0.0,0,0,0.0,0,0,0.0,0,0,0.0,0,0,0.0,Partly Cloudy,0.0006,0.02,rain,70.81,70.9,0.7,2.11,5.88,0.47,1,10,True
46182,16,2018-12-23,8:20PM,CenturyLink Field,SEA,KC,38,31,69,464,420,884,43,210,26,2,1,29,18,254,45,127.2,3,0,31,3,2,1,50.0,0,0,0.0,1,1,100.0,1,0,0.0,0,0,0.0,0,0,0.0,19,155,25,0,3,40,23,265,48,103.4,3,0,3,22,3,3,100.0,0,0,0.0,0,0,0.0,0,0,0.0,0,0,0.0,1,1,100.0,Drizzle,0.0074,0.48,rain,45.19,42.72,0.88,4.78,5.35,1,0,4.27,False
46183,16,2018-12-24,8:15PM,Oakland-Alameda County Coliseum,OAK,DEN,27,14,41,273,300,573,30,114,24,2,1,26,19,159,16,89.7,0,0,16,5,2,2,100.0,0,0,0.0,0,0,0.0,0,0,0.0,2,2,100.0,0,0,0.0,24,100,17,0,1,37,23,200,26,72.1,2,2,6,19,1,0,0.0,0,0,0.0,0,0,0.0,0,0,0.0,0,0,0.0,1,0,0.0,Light Rain,0.0537,0.76,rain,55.22,55.22,0.82,7.28,16.69,0.88,0,9.78,False
46184,17,2018-12-30,1:00PM,Raymond James Stadium,TB,ATL,32,34,66,433,489,922,20,92,15,0,1,35,22,341,33,121.7,4,1,22,4,2,2,100.0,0,0,0.0,0,0,0.0,1,1,100.0,1,1,100.0,0,0,0.0,30,109,23,1,0,45,32,380,37,109.8,3,1,5,27,2,2,100.0,0,0,0.0,0,0,0.0,0,0,0.0,0,0,0.0,0,0,0.0,Partly Cloudy,0,0,No Data,79.01,81.73,0.74,3.27,4.21,0.5,4,10,False
46185,17,2018-12-30,1:00PM,Mercedes-Benz Superdome,NO,CAR,14,33,47,294,374,668,27,184,28,1,0,22,14,110,18,73.7,1,1,17,5,0,0,0.0,0,0,0.0,0,0,0.0,0,0,0.0,0,0,0.0,0,0,0.0,37,111,15,2,0,30,18,263,53,111.5,2,0,3,25,2,2,100.0,0,0,0.0,0,0,0.0,0,0,0.0,0,0,0.0,1,1,100.0,Foggy,0,0,No Data,62.07,62.68,1,2.03,2.82,1,3,1.35,True
46189,17,2018-12-30,1:00PM,MetLife Stadium,NYG,DAL,35,36,71,441,419,860,25,143,68,2,1,41,24,298,51,87.6,2,1,20,2,2,2,100.0,0,0,0.0,0,0,0.0,1,1,100.0,1,1,100.0,0,0,0.0,22,51,13,1,1,44,27,368,49,120.2,4,0,3,23,1,0,0.0,0,0,0.0,0,0,0.0,0,0,0.0,0,0,0.0,0,0,0.0,Mostly Cloudy,0.0003,0.01,rain,37.08,37.08,0.69,1.62,2.5,0.89,1,10,False
46190,17,2018-12-30,1:00PM,Lambeau Field,GB,DET,0,31,31,175,402,577,13,46,12,0,0,40,19,129,27,47.7,0,1,9,7,0,0,0.0,0,0,0.0,0,0,0.0,0,0,0.0,0,0,0.0,0,0,0.0,38,130,13,1,0,33,21,272,41,120.0,3,0,4,25,1,1,100.0,0,0,0.0,0,0,0.0,0,0,0.0,0,0,0.0,0,0,0.0,Overcast,0,0,No Data,26.59,16.43,0.65,11.09,17,0.97,1,10,False
46192,17,2018-12-30,1:00PM,NRG Stadium,HOU,JAX,20,3,23,342,119,461,33,134,16,2,1,35,25,208,43,89.5,0,0,23,7,2,2,100.0,0,0,0.0,2,2,100.0,0,0,0.0,0,0,0.0,0,0,0.0,16,30,7,0,2,28,15,89,35,47.8,0,1,9,6,1,1,100.0,0,0,0.0,0,0,0.0,0,0,0.0,0,0,0.0,0,0,0.0,Light Rain,0.0378,0.69,rain,46.23,42.54,0.94,7.2,7.5,1,3,4.74,True
46193,17,2018-12-30,1:00PM,New Era Field,BUF,MIA,42,17,59,381,225,606,33,166,35,3,0,26,17,215,46,114.9,3,1,23,3,1,0,0.0,0,0,0.0,0,0,0.0,0,0,0.0,1,0,0.0,0,0,0.0,25,99,16,0,3,32,19,126,19,55.5,1,2,5,17,1,1,100.0,0,0,0.0,0,0,0.0,0,0,0.0,0,0,0.0,0,0,0.0,Overcast,0,0,No Data,32.64,27,0.78,6,8.75,1,1,9.76,False
46194,17,2018-12-30,1:00PM,Gillette Stadium,NE,NYJ,38,3,41,375,239,614,30,131,21,0,0,33,24,244,20,133.8,4,0,24,4,1,1,100.0,0,0,0.0,0,0,0.0,1,1,100.0,0,0,0.0,0,0,0.0,23,104,28,0,3,28,16,135,25,74.6,0,0,5,12,1,1,100.0,0,0,0.0,0,0,0.0,0,0,0.0,0,0,0.0,0,0,0.0,Clear,0,0,No Data,33.23,33.23,0.42,2.12,3.5,0.07,1,10,False
46186,17,2018-12-30,4:25PM,US Bank Stadium,MIN,CHI,10,24,34,164,332,496,15,63,20,0,0,33,20,101,18,79.4,1,0,12,5,1,1,100.0,0,0,0.0,0,0,0.0,0,0,0.0,1,1,100.0,0,0,0.0,37,169,42,3,2,26,18,163,40,85.9,0,0,4,17,1,1,100.0,0,0,0.0,0,0,0.0,0,0,0.0,0,0,0.0,0,0,0.0,Overcast,0,0,No Data,30.62,23.87,0.71,6.94,8.54,0.94,0,10,True
46187,17,2018-12-30,4:25PM,Heinz Field,PIT,CIN,16,13,29,343,196,539,20,65,16,0,1,45,31,278,47,84.2,1,1,18,5,3,3,100.0,0,0,0.0,0,0,0.0,2,2,100.0,1,1,100.0,0,0,0.0,18,125,51,0,2,24,12,71,15,60.2,0,0,6,9,2,2,100.0,0,0,0.0,0,0,0.0,0,0,0.0,0,0,0.0,0,0,0.0,Clear,0,0,No Data,40.39,36.15,0.57,6.12,6.12,0,0,10,False
46188,17,2018-12-30,4:25PM,M&T Bank Stadium,BAL,CLE,26,24,50,469,426,895,47,302,37,2,2,24,14,167,32,81.8,0,0,24,4,4,4,100.0,0,0,0.0,1,1,100.0,2,2,100.0,1,1,100.0,0,0,0.0,14,50,13,0,0,42,23,376,48,79.1,3,3,4,20,2,1,50.0,0,0,0.0,0,0,0.0,0,0,0.0,0,0,0.0,0,0,0.0,Partly Cloudy,0,0,No Data,44.28,42.94,0.62,3.26,6.04,0.35,0,10,False
46195,17,2018-12-30,4:25PM,Arrowhead Stadium,KC,OAK,35,3,38,409,292,701,27,99,15,2,0,27,16,310,89,108.6,2,1,18,1,0,0,0.0,0,0,0.0,0,0,0.0,0,0,0.0,0,0,0.0,0,0,0.0,29,127,15,0,3,33,24,165,26,60.8,0,2,4,20,1,1,100.0,0,0,0.0,0,0,0.0,0,0,0.0,0,0,0.0,1,1,100.0,Clear,0,0,No Data,41.18,34.77,0.54,10.83,10.83,0,0,10,False
46196,17,2018-12-30,4:25PM,FedEx Field,WAS,PHI,0,24,24,89,360,449,12,21,9,0,1,28,13,68,20,40.5,0,1,8,5,0,0,0.0,0,0,0.0,0,0,0.0,0,0,0.0,0,0,0.0,0,0,0.0,34,129,13,0,1,34,29,231,25,113.6,3,1,3,25,1,1,100.0,0,0,0.0,0,0,0.0,0,0,0.0,0,0,0.0,0,0,0.0,Clear,0,0,No Data,45.43,44.41,0.6,3.09,4.06,0.16,0,8.96,False
46197,17,2018-12-30,4:25PM,CenturyLink Field,SEA,ARI,27,24,51,291,198,489,34,182,61,2,0,20,11,109,37,75.4,1,1,16,8,2,2,100.0,0,0,0.0,0,0,0.0,1,1,100.0,1,1,100.0,0,0,0.0,24,85,15,0,3,34,18,113,24,74.3,1,0,5,12,3,3,100.0,0,0,0.0,0,0,0.0,0,0,0.0,0,0,0.0,2,2,100.0,Mostly Cloudy,0,0,No Data,46.23,46.23,0.75,2.51,3.52,0.87,0,4.92,False
46198,17,2018-12-30,4:25PM,Broncos Stadium at Mile High,DEN,LAC,9,23,32,370,276,646,25,82,54,0,4,48,31,288,44,79.5,1,1,19,6,1,1,100.0,0,0,0.0,1,1,100.0,0,0,0.0,0,0,0.0,0,0,0.0,30,116,98,1,3,24,14,160,24,60.4,1,2,5,17,0,0,0.0,0,0,0.0,0,0,0.0,0,0,0.0,0,0,0.0,0,0,0.0,Partly Cloudy,0,0,No Data,51.02,51.02,0.21,5.88,17.71,0.58,1,3.41,False
46199,17,2018-12-30,4:25PM,Los Angeles Memorial Coliseum,LA,SF,48,32,80,374,392,766,41,152,13,1,1,29,17,222,36,122.4,4,0,28,3,2,2,100.0,0,0,0.0,1,1,100.0,0,0,0.0,0,0,0.0,1,1,100.0,22,127,51,1,1,33,23,265,43,88.3,3,3,2,23,1,1,100.0,0,0,0.0,0,0,0.0,0,0,0.0,0,0,0.0,0,0,0.0,Clear,0,0,No Data,63.21,63.21,0.31,3.23,7.4,0.07,2,10,False
46191,17,2018-12-30,8:20PM,Nissan Stadium,TEN,IND,17,33,50,258,436,694,16,93,33,0,1,29,18,165,22,60.3,1,2,11,6,1,1,100.0,0,0,0.0,0,0,0.0,1,1,100.0,0,0,0.0,0,0,0.0,36,158,21,1,1,35,24,278,43,109.8,3,1,4,24,2,2,100.0,0,0,0.0,0,0,0.0,0,0,0.0,0,0,0.0,1,1,100.0,Mostly Cloudy,0,0,No Data,51.94,51.94,0.71,0.94,0.94,0.64,0,10,False
